event_ts,client_id,prosthesis_id,reaction_time_ms,battery_level,error_code
2025-11-14T06:47:48,3627,692,53,33,
2025-11-28T03:04:44,66239,404,82,40,
2025-11-18T02:21:14,91885,245,165,49,
2025-11-16T07:07:25,31862,811,94,81,
2025-12-05T18:22:05,52553,262,124,67,
2025-12-09T16:03:28,66954,696,57,74,
2025-11-22T10:09:36,5116,700,129,37,
2025-12-08T12:05:58,94659,609,168,70,ERR_SENSOR
2025-12-07T20:08:12,21626,193,139,64,
2025-11-17T17:25:04,17139,652,63,55,
2025-12-01T16:28:12,83122,969,166,36,
2025-11-16T04:32:56,45437,620,101,96,ERR_SENSOR
2025-12-08T22:21:45,35868,719,80,46,
2025-12-07T07:10:27,87599,107,74,71,ERR_BATTERY
2025-11-28T11:15:36,51303,534,154,61,
2025-12-03T23:39:20,77773,742,96,40,
2025-11-18T00:57:31,24522,398,125,71,
2025-11-21T03:53:19,11132,742,125,49,ERR_BATTERY
2025-11-24T20:42:30,59071,292,87,69,
2025-11-23T05:26:12,72114,691,131,25,
2025-12-09T03:12:34,14527,179,75,91,
2025-11-10T15:35:31,25524,729,101,62,
2025-11-20T01:40:30,23138,395,113,87,
2025-11-13T06:54:39,98393,116,130,48,
2025-11-23T03:41:43,22393,639,176,99,
2025-12-08T14:50:04,84871,606,60,78,
2025-12-04T02:45:01,1885,597,76,28,
2025-11-18T00:29:24,34849,665,80,43,
2025-11-25T15:25:46,87655,372,116,53,
2025-11-29T01:40:20,90117,513,168,80,
2025-11-17T05:37:05,15717,539,66,48,ERR_BATTERY
2025-12-01T15:00:54,84871,585,90,89,
2025-12-05T19:34:50,49719,743,182,30,
2025-11-29T22:12:26,10878,175,122,71,
2025-12-05T15:05:41,71866,618,118,25,
2025-12-04T10:24:19,19222,949,54,58,
2025-12-04T20:06:29,52856,659,119,93,
2025-11-22T05:06:19,31759,593,100,80,
2025-11-16T23:38:44,45805,552,173,21,
2025-12-04T20:58:03,87304,875,86,34,
2025-12-02T04:52:26,6197,687,70,75,
2025-12-05T02:48:55,68586,354,166,49,
2025-11-10T04:47:42,58476,437,139,83,
2025-11-25T21:09:52,46956,292,85,21,
2025-12-09T06:12:01,91374,996,142,63,
2025-11-19T12:45:04,65690,149,99,37,
2025-12-02T08:55:33,8191,704,178,51,
2025-11-13T02:00:18,25959,281,84,31,ERR_BATTERY
2025-11-20T07:59:26,34105,237,57,77,ERR_CONNECTION
2025-11-21T02:57:39,38499,585,173,64,
2025-11-19T19:11:05,52451,382,174,49,
2025-11-24T01:57:40,56554,462,197,33,
2025-11-27T05:23:32,56405,106,61,30,
2025-11-24T01:18:47,18429,372,66,30,
2025-12-08T10:03:09,11,825,172,58,
2025-11-19T04:52:19,23047,301,188,63,
2025-11-13T17:01:11,21421,445,198,98,
2025-11-13T05:58:51,15645,778,147,31,
2025-12-06T21:04:12,57178,591,133,85,
2025-11-25T07:05:47,39963,380,77,99,
2025-11-13T23:50:10,29779,359,188,38,
2025-12-02T23:25:03,19544,870,53,20,
2025-12-03T14:08:13,98841,676,165,92,
2025-12-07T03:53:45,13047,742,50,42,
2025-12-05T17:38:37,63844,413,189,24,
2025-12-09T17:23:15,77416,748,108,80,
2025-12-02T02:31:07,11261,177,117,77,ERR_SIGNAL
2025-11-25T23:49:52,6963,663,115,34,
2025-11-26T20:02:21,56090,504,153,68,
2025-12-03T16:51:07,36724,785,78,48,
2025-12-08T20:40:07,23089,268,196,47,
2025-11-14T21:34:57,82703,175,193,68,
2025-11-30T14:49:50,80953,599,147,96,
2025-12-04T22:59:01,39977,184,144,82,
2025-11-23T14:16:45,84924,253,156,30,
2025-11-30T14:51:47,7803,234,127,68,
2025-11-16T05:43:08,31152,948,92,74,
2025-11-11T14:05:24,26546,901,66,38,
2025-11-10T01:07:53,24235,136,167,53,ERR_TIMEOUT
2025-12-08T14:25:09,90196,110,139,24,ERR_SENSOR
2025-12-07T03:29:05,88829,723,75,62,
2025-12-09T18:45:43,42710,584,75,88,
2025-12-01T21:36:41,6400,591,196,58,
2025-11-14T22:41:05,52670,309,96,61,
2025-11-25T03:05:54,20988,244,101,42,
2025-11-23T16:02:50,88420,779,111,44,
2025-12-04T06:50:43,73176,895,53,64,
2025-11-26T13:40:47,53886,515,132,88,ERR_CONNECTION
2025-11-20T14:10:18,91098,609,133,58,ERR_CONNECTION
2025-11-18T07:15:28,45874,378,151,22,
2025-11-16T01:35:19,85814,761,79,28,
2025-11-16T14:08:59,87849,860,52,91,
2025-11-19T17:58:14,76855,698,57,63,
2025-11-21T22:56:08,14307,122,70,60,
2025-12-02T08:51:31,59465,710,63,36,
2025-12-02T19:10:02,79631,689,198,26,
2025-11-11T23:15:52,63644,663,116,56,ERR_SENSOR
2025-11-21T23:26:20,61787,857,56,48,ERR_SENSOR
2025-11-20T08:37:27,5909,876,175,85,
2025-11-23T07:49:29,79631,966,160,73,
2025-12-09T17:13:54,23540,283,94,28,
2025-11-12T19:08:01,81771,286,66,85,
2025-11-10T10:55:48,92910,750,119,45,
2025-11-29T13:09:43,29703,553,164,32,
2025-11-17T01:08:30,71685,539,139,53,
2025-11-27T02:09:42,76778,851,145,89,ERR_SENSOR
2025-11-10T17:03:25,45630,928,116,38,
2025-11-29T19:50:46,27351,471,161,26,
2025-11-22T06:50:16,18801,258,135,99,
2025-11-25T17:08:33,40880,657,128,49,ERR_TIMEOUT
2025-11-29T02:12:46,87599,539,58,96,
2025-11-11T14:33:58,58609,706,71,49,
2025-11-15T00:46:12,86522,540,161,30,
2025-11-26T14:09:01,86346,393,119,68,
2025-11-27T09:21:42,29007,493,96,90,
2025-11-14T16:47:46,36575,338,69,74,
2025-12-01T23:11:11,932,246,194,57,
2025-11-28T08:05:09,2300,815,124,53,
2025-11-16T19:50:47,25042,423,64,74,
2025-11-20T19:11:51,7876,309,105,57,
2025-11-13T14:34:13,98955,855,143,54,
2025-12-09T19:54:40,68586,980,179,30,
2025-12-05T02:15:00,44046,380,61,68,
2025-11-25T03:12:08,50938,706,152,32,
2025-11-16T06:02:56,13277,775,107,86,
2025-11-11T20:28:07,75801,421,115,55,ERR_TIMEOUT
2025-11-24T17:02:43,33727,493,106,31,ERR_CONNECTION
2025-11-27T00:45:56,81506,432,97,85,
2025-12-06T23:10:10,33789,708,51,59,
2025-11-16T16:12:43,41196,345,134,92,
2025-12-03T15:34:03,8768,408,158,70,
2025-12-02T13:21:48,63644,624,58,65,
2025-11-21T17:35:10,2291,467,61,80,
2025-11-24T23:47:46,73286,807,191,26,
2025-11-14T14:03:55,40939,995,82,29,
2025-11-19T21:29:02,34849,960,113,84,ERR_BATTERY
2025-12-07T19:22:09,39095,975,73,73,
2025-11-17T15:52:53,83514,348,128,32,ERR_SENSOR
2025-12-02T18:10:35,77773,502,113,42,
2025-12-05T09:03:54,97224,858,98,23,
2025-11-19T23:33:41,84192,821,66,43,
2025-12-05T21:52:55,17117,699,124,56,ERR_SIGNAL
2025-11-14T22:43:04,46795,994,91,79,
2025-12-09T14:36:11,25833,554,184,88,ERR_TIMEOUT
2025-11-21T18:45:54,45287,172,158,46,
2025-11-12T09:41:40,95121,998,194,45,
2025-12-07T05:05:58,86250,540,61,86,
2025-11-10T07:26:21,86057,828,165,59,
2025-12-09T04:28:40,80209,233,194,99,ERR_SENSOR
2025-11-24T11:56:57,90053,696,73,73,
2025-11-14T14:37:21,97035,133,106,58,
2025-11-24T15:19:54,51829,313,97,54,
2025-11-10T16:24:23,96325,135,196,65,
2025-11-24T04:22:59,52109,101,126,88,
2025-11-20T12:59:41,50324,435,177,48,
2025-11-17T23:18:24,80722,798,197,32,
2025-11-29T05:55:00,33945,379,156,63,
2025-12-02T19:28:07,36093,540,171,44,ERR_TIMEOUT
2025-11-24T07:23:04,10941,982,181,47,
2025-11-26T09:55:08,16665,930,140,38,ERR_CONNECTION
2025-11-24T12:40:50,2565,270,140,74,
2025-11-19T23:03:26,35343,794,90,23,
2025-11-19T04:15:07,60774,912,175,69,ERR_BATTERY
2025-11-14T01:09:53,86522,980,194,60,
2025-12-08T20:37:41,58090,352,56,96,
2025-11-24T04:18:41,15374,221,160,27,
2025-11-12T10:25:20,97767,612,133,83,
2025-11-23T01:49:33,34777,742,149,94,ERR_CONNECTION
2025-11-12T13:03:51,94975,398,99,84,
2025-11-16T22:38:58,39716,706,56,100,
2025-12-01T10:47:28,69470,149,163,33,
2025-11-24T16:26:41,31779,723,98,94,
2025-12-04T03:07:18,82561,218,171,32,
2025-11-22T02:23:03,30581,292,184,70,ERR_SENSOR
2025-11-23T00:16:45,54277,238,129,87,ERR_SENSOR
2025-12-07T05:36:48,49578,829,68,66,
2025-11-23T02:35:14,16880,592,113,48,
2025-12-04T02:41:19,18671,826,138,97,
2025-11-11T15:19:17,24633,517,200,51,
2025-11-20T17:35:30,86495,920,77,63,
2025-11-12T09:04:42,57254,342,84,25,ERR_SENSOR
2025-12-02T04:24:46,49554,718,199,35,ERR_SENSOR
2025-12-09T01:57:04,12744,150,93,56,
2025-12-05T20:16:10,58369,168,95,87,
2025-12-09T14:24:33,69027,350,178,78,
2025-11-26T03:28:58,79935,546,194,69,ERR_SENSOR
2025-11-17T02:36:53,64261,529,103,49,
2025-11-30T22:54:33,18863,780,62,31,ERR_TIMEOUT
2025-11-13T00:48:46,64164,261,85,54,
2025-11-15T20:56:24,1379,114,82,20,ERR_SENSOR
2025-11-12T11:40:05,23537,658,157,87,ERR_SENSOR
2025-11-30T09:56:41,22623,241,191,95,
2025-11-21T22:01:48,28958,439,109,33,
2025-11-26T20:42:38,23256,141,130,23,ERR_SENSOR
2025-12-03T22:42:40,41344,947,108,82,
2025-11-12T20:03:27,45437,805,148,42,
2025-12-01T00:13:45,34313,488,171,89,
2025-11-13T23:27:51,38767,161,59,61,
2025-11-26T14:02:00,37641,915,168,96,
2025-12-01T15:05:01,77060,959,190,36,
2025-11-30T01:54:26,5909,113,120,65,ERR_SIGNAL
2025-11-17T15:31:47,2854,523,123,30,
2025-12-06T14:14:41,72726,165,59,83,ERR_SENSOR
2025-12-07T19:19:48,37886,332,116,100,
2025-11-26T15:23:08,72258,164,137,40,
2025-12-01T18:02:44,14885,836,196,31,
2025-12-04T00:11:07,48836,493,150,83,
2025-11-20T20:32:44,6913,837,62,58,
2025-11-23T01:12:36,98546,130,107,92,
2025-11-15T10:11:02,91724,866,50,78,
2025-11-30T12:09:17,23224,214,140,70,
2025-12-04T21:34:29,54900,507,64,32,
2025-11-23T14:33:19,45473,259,143,67,
2025-11-14T22:01:48,5649,680,127,85,
2025-11-23T22:00:03,63788,445,130,64,
2025-12-07T17:54:35,97483,186,188,77,
2025-11-21T05:16:01,51171,568,71,36,
2025-12-05T05:12:48,52109,546,157,81,ERR_SIGNAL
2025-11-18T23:10:50,14527,215,87,35,
2025-12-07T01:14:03,6913,133,68,91,
2025-12-02T14:26:44,40459,705,137,38,
2025-11-25T13:30:32,5309,647,188,47,
2025-12-08T04:32:44,55678,594,70,25,ERR_CONNECTION
2025-11-11T04:01:21,85942,106,162,46,
2025-12-07T07:24:29,79575,323,72,89,
2025-12-03T18:56:59,58476,419,189,25,
2025-12-03T05:55:09,98631,873,191,73,
2025-12-07T15:40:23,21315,182,144,34,
2025-12-05T07:05:53,58441,260,125,80,
2025-12-04T10:48:51,28829,697,146,67,
2025-11-20T06:58:03,57245,768,109,40,ERR_SIGNAL
2025-11-12T11:32:22,90245,976,164,73,
2025-12-09T07:08:31,10127,127,161,80,
2025-11-17T19:23:41,72674,408,186,59,
2025-11-19T04:29:30,14395,517,157,58,
2025-11-26T14:20:10,64839,891,184,44,
2025-11-26T11:26:43,90245,996,117,54,ERR_SENSOR
2025-11-27T20:58:55,52571,765,133,50,
2025-12-09T13:11:36,53612,213,86,86,
2025-11-20T07:02:19,63485,807,144,36,
2025-11-17T10:01:22,58023,409,196,37,
2025-11-29T23:57:45,11631,437,50,30,
2025-11-23T00:18:52,57178,190,160,85,
2025-12-05T06:16:22,81771,333,94,61,
2025-12-02T13:42:28,58180,115,168,98,
2025-11-21T20:55:14,95882,331,171,91,
2025-11-24T22:36:30,99370,375,109,58,
2025-11-18T06:10:48,17139,711,146,25,ERR_SENSOR
2025-12-07T17:17:22,99062,342,74,55,
2025-11-17T09:02:23,72915,744,173,23,
2025-12-02T19:20:17,7644,792,82,84,
2025-12-08T00:51:43,1885,865,112,96,
2025-11-11T20:56:26,4577,157,136,94,
2025-11-27T07:37:50,40583,404,189,81,
2025-11-25T22:51:46,40359,105,160,90,ERR_SIGNAL
2025-11-18T00:16:12,1249,447,156,21,ERR_SIGNAL
2025-11-15T13:32:03,78163,113,196,62,
2025-11-14T19:27:07,94739,173,65,74,
2025-11-30T07:58:21,40459,991,157,56,
2025-11-22T16:41:21,67519,850,71,32,
2025-11-24T19:37:47,5017,965,60,75,
2025-11-14T10:44:43,53882,582,77,69,
2025-12-05T01:41:37,18933,278,149,30,
2025-11-11T18:59:29,10869,673,124,60,
2025-11-26T23:44:23,74605,712,188,52,
2025-12-08T00:37:57,36895,580,145,79,ERR_CONNECTION
2025-11-14T07:37:59,54684,302,157,31,
2025-11-19T08:28:54,14527,481,190,46,
2025-11-19T09:42:42,77398,684,155,57,
2025-11-29T16:12:13,42276,370,68,83,
2025-11-13T03:22:04,75233,532,76,98,
2025-11-11T17:32:07,31779,217,54,84,
2025-12-09T23:10:26,98841,798,108,89,
2025-11-18T02:47:53,27050,374,79,80,
2025-12-04T10:12:36,7166,604,78,100,
2025-11-24T21:31:18,70146,949,158,79,
2025-11-29T22:03:20,68441,292,152,98,
2025-11-21T22:27:08,52972,466,113,32,ERR_TIMEOUT
2025-12-05T17:56:00,54599,899,57,86,ERR_CONNECTION
2025-11-14T13:02:01,18801,286,107,31,
2025-12-06T08:21:09,33893,566,198,45,ERR_SENSOR
2025-11-14T06:04:59,96168,709,110,26,
2025-12-01T14:33:00,60371,670,66,94,
2025-11-19T23:29:21,66145,252,106,91,ERR_SENSOR
2025-11-17T01:32:55,61086,193,76,71,
2025-11-24T10:45:37,25659,276,75,23,
2025-11-15T23:43:25,99684,669,95,24,
2025-12-01T02:45:40,1510,389,116,50,
2025-11-10T02:35:53,76778,721,117,53,
2025-11-10T15:42:43,89955,444,129,82,
2025-11-17T18:47:59,17265,301,90,93,
2025-11-30T11:40:58,22482,501,104,34,
2025-11-27T12:40:40,66282,381,176,88,
2025-11-13T02:20:25,18050,867,150,78,
2025-12-01T07:02:04,34849,917,62,40,
2025-12-02T16:41:10,77703,590,120,21,
2025-11-25T17:21:05,42243,822,72,27,
2025-11-23T18:28:33,12744,423,89,70,
2025-11-12T13:12:09,92359,384,115,81,ERR_SIGNAL
2025-11-23T18:22:29,17041,584,58,36,
2025-12-04T08:48:07,72077,499,86,100,
2025-12-01T02:54:12,83112,880,125,49,
2025-11-14T04:58:06,65233,839,180,54,
2025-11-28T05:26:09,11235,767,141,92,
2025-11-30T17:14:13,65391,598,197,92,
2025-11-12T06:15:46,281,382,60,86,
2025-11-15T01:13:58,16514,130,129,93,
2025-12-03T00:38:33,92877,877,89,39,ERR_SENSOR
2025-11-11T08:30:15,86250,341,139,61,ERR_CONNECTION
2025-11-14T11:50:26,48086,462,165,79,
2025-11-26T05:47:03,31108,158,58,32,
2025-11-27T17:48:25,23405,403,181,32,
2025-11-21T18:06:05,76700,866,79,56,
2025-11-21T22:13:48,73291,435,182,73,
2025-12-09T10:01:25,14395,135,158,38,ERR_BATTERY
2025-12-01T18:49:56,37349,276,110,97,
2025-12-04T19:18:34,80304,722,193,46,
2025-11-13T04:34:20,20505,166,143,28,
2025-12-04T21:13:26,2854,553,106,88,
2025-12-04T02:55:45,94739,295,165,33,
2025-11-21T16:37:46,11318,238,200,60,ERR_CONNECTION
2025-11-29T17:26:35,22807,887,189,21,
2025-11-20T16:58:33,47103,717,68,37,
2025-11-23T19:14:42,40479,369,77,26,
2025-11-11T01:24:44,34789,260,72,37,
2025-11-10T18:23:25,3748,345,121,83,
2025-11-20T04:14:28,98546,799,95,56,
2025-12-05T14:43:20,70797,264,74,94,ERR_BATTERY
2025-11-27T11:49:17,87219,829,50,70,
2025-11-22T10:28:57,72915,690,194,81,ERR_BATTERY
2025-12-08T00:05:46,16698,383,120,57,
2025-11-23T21:42:57,61988,852,120,40,
2025-12-07T23:07:50,44084,306,65,81,
2025-11-15T14:31:02,46795,909,153,33,ERR_BATTERY
2025-12-01T04:50:32,19222,792,188,62,
2025-12-04T18:01:23,86522,571,57,46,
2025-11-15T21:45:13,85208,185,137,71,
2025-12-08T19:33:14,24214,804,122,88,
2025-12-04T22:32:19,72693,885,80,58,
2025-11-21T22:55:10,10379,285,72,50,
2025-11-15T02:03:28,59190,937,115,47,
2025-12-03T23:59:51,81146,330,104,26,
2025-11-26T03:56:33,39440,984,89,73,
2025-11-28T09:27:28,7509,247,164,26,
2025-11-28T10:32:21,91885,331,195,83,
2025-11-19T09:57:30,56285,402,194,28,
2025-11-12T22:37:50,99936,780,56,80,
2025-11-29T22:16:02,14278,445,90,88,
2025-12-08T18:27:05,7973,620,190,72,
2025-12-07T17:28:03,96516,810,180,95,
2025-12-02T19:44:50,67092,460,94,87,
2025-12-08T07:31:38,44201,764,162,51,
2025-11-10T03:23:32,52521,527,62,64,
2025-11-20T16:40:10,15525,834,188,31,
2025-11-10T14:53:13,53484,630,65,78,
2025-11-22T19:51:44,62380,845,107,35,ERR_CONNECTION
2025-12-01T06:26:02,6972,819,183,48,
2025-11-18T05:01:43,2917,200,160,66,ERR_SENSOR
2025-12-02T21:10:03,72915,884,130,83,
2025-11-13T13:50:47,54277,961,189,40,
2025-12-01T01:54:01,68114,256,181,36,
2025-11-12T01:25:56,7314,525,65,80,
2025-11-15T04:34:02,281,406,85,27,
2025-12-01T20:54:47,16713,173,199,34,
2025-11-13T02:04:07,85034,782,105,53,ERR_TIMEOUT
2025-11-29T11:41:15,67711,658,131,87,
2025-12-01T22:55:08,25659,218,183,91,
2025-11-28T03:15:46,56554,420,97,81,
2025-11-10T03:59:54,49095,540,121,43,ERR_TIMEOUT
2025-12-03T11:30:21,77416,788,176,26,
2025-12-04T02:16:35,60774,603,117,99,
2025-11-12T15:06:28,58235,208,104,51,
2025-11-14T23:12:22,89872,983,97,74,ERR_BATTERY
2025-11-28T17:02:04,65459,226,185,91,
2025-12-08T21:01:14,8768,799,111,86,
2025-11-19T09:36:26,11018,602,103,94,ERR_SIGNAL
2025-11-24T05:52:38,29703,911,184,87,
2025-11-28T10:33:45,3519,896,153,30,
2025-12-04T06:44:37,98955,309,198,21,
2025-12-01T14:01:19,92598,427,60,54,
2025-11-27T16:24:12,86346,284,174,91,
2025-11-16T17:20:57,53612,682,73,67,
2025-11-21T21:37:46,33410,538,85,68,
2025-11-23T04:43:29,45287,285,112,80,
2025-12-08T14:02:36,42667,780,137,35,
2025-11-21T01:52:09,64461,501,178,50,
2025-11-26T23:24:52,69281,725,117,32,ERR_CONNECTION
2025-11-21T16:13:27,73999,828,170,76,
2025-11-10T19:30:28,83122,600,163,67,
2025-12-09T07:55:36,94659,683,82,80,
2025-12-03T03:24:40,3627,557,152,98,ERR_BATTERY
2025-11-16T12:08:14,23979,648,170,44,
2025-11-12T04:40:15,33801,767,75,55,
2025-11-11T21:52:39,42724,640,123,47,
2025-11-18T15:23:03,20589,116,117,64,
2025-11-13T11:43:31,25037,610,120,29,ERR_CONNECTION
2025-11-21T16:18:26,83514,551,116,33,
2025-11-25T02:47:24,85762,990,75,52,
2025-11-23T17:15:02,83311,398,135,80,
2025-11-27T04:39:08,80938,231,105,64,
2025-11-13T01:17:03,42447,520,124,22,
2025-12-07T01:23:29,48086,906,190,72,
2025-12-06T18:47:21,79709,201,113,61,
2025-12-06T07:10:36,16880,698,164,95,
2025-11-12T22:14:38,72674,367,129,51,ERR_SENSOR
2025-11-30T13:59:24,76626,687,54,50,
2025-12-07T15:00:10,77792,202,182,58,
2025-11-26T22:34:02,34849,152,76,34,
2025-11-27T15:17:32,27805,819,198,86,
2025-11-14T12:43:40,65007,471,134,30,
2025-11-10T16:49:21,8859,200,72,98,
2025-11-10T10:41:42,60175,112,124,35,
2025-11-10T11:06:28,61049,252,82,68,
2025-11-10T21:15:59,1635,381,168,94,
2025-11-22T04:44:02,74522,801,131,33,
2025-11-24T05:13:54,13075,587,152,46,
2025-11-17T21:56:21,1943,495,142,39,
2025-11-16T15:19:46,43589,277,93,54,ERR_TIMEOUT
2025-11-19T05:05:58,89872,659,160,64,
2025-11-30T12:43:13,58749,663,101,82,
2025-11-30T00:53:58,67116,478,65,33,ERR_TIMEOUT
2025-11-19T02:49:53,63769,759,59,96,
2025-12-02T08:54:01,96325,144,138,99,ERR_SIGNAL
2025-11-11T20:52:36,69027,751,175,34,
2025-12-06T21:53:33,87795,680,63,66,
2025-11-28T15:18:32,73682,785,67,29,
2025-11-25T23:10:27,6400,299,172,50,
2025-12-02T10:42:14,50057,827,104,31,
2025-11-27T13:01:03,83514,737,82,73,
2025-11-21T22:54:45,94020,174,86,51,
2025-11-30T19:16:23,57178,622,165,80,
2025-12-05T14:09:57,37432,927,124,40,
2025-12-06T22:58:15,67606,560,175,78,
2025-12-02T10:08:11,8639,357,103,85,
2025-11-29T22:11:47,86258,427,52,94,
2025-12-02T04:08:07,29794,611,164,59,ERR_TIMEOUT
2025-11-16T12:44:33,2565,768,154,82,
2025-12-04T12:36:56,52521,252,177,69,
2025-11-14T01:11:09,8191,903,162,29,
2025-11-21T03:44:33,63910,801,109,20,
2025-11-18T08:03:44,63220,431,193,100,
2025-11-11T16:21:07,33727,370,72,88,
2025-12-08T11:18:41,51171,304,159,20,
2025-11-18T20:15:32,44084,905,190,27,
2025-11-26T16:22:40,60079,792,153,59,
2025-12-04T10:19:05,85034,215,107,75,
2025-12-09T02:12:40,39440,938,144,59,
2025-11-21T02:30:00,68664,454,82,27,
2025-11-27T17:25:32,20716,716,66,30,ERR_TIMEOUT
2025-12-02T09:30:34,18118,590,102,28,
2025-11-25T03:29:23,76597,209,196,54,ERR_BATTERY
2025-11-27T19:18:41,69004,940,146,25,
2025-11-24T05:14:22,32894,865,117,65,
2025-11-21T02:44:33,53484,332,195,96,ERR_SIGNAL
2025-11-24T07:17:04,59542,673,101,74,ERR_SENSOR
2025-11-30T12:02:06,5876,372,148,77,
2025-12-06T03:43:32,53960,648,181,70,
2025-11-13T17:10:04,91502,855,176,20,ERR_SENSOR
2025-11-20T11:51:47,2354,334,149,42,
2025-11-28T02:37:35,58274,984,149,29,
2025-12-05T00:25:07,79575,377,127,29,
2025-11-10T12:50:23,57210,726,156,24,
2025-11-11T02:50:43,25833,608,196,73,
2025-12-01T03:36:58,85441,232,194,42,
2025-11-27T14:35:54,77792,137,92,75,
2025-11-30T14:19:14,98982,805,115,91,
2025-11-25T06:19:33,98590,455,58,50,
2025-11-15T03:50:15,37054,746,111,50,
2025-12-04T17:41:10,40854,907,174,49,
2025-11-30T21:02:32,73357,947,134,45,
2025-11-15T01:18:45,9927,201,90,38,
2025-11-13T03:32:57,22390,906,149,24,ERR_SENSOR
2025-12-07T07:44:35,40880,943,159,96,
2025-11-13T05:48:45,48647,723,88,71,
2025-11-15T19:00:08,71685,465,138,100,
2025-12-06T12:20:07,20244,352,63,22,
2025-11-26T09:08:13,64708,395,66,44,ERR_SIGNAL
2025-11-22T06:13:53,80722,593,109,25,
2025-11-11T12:06:19,56285,406,97,85,
2025-11-17T17:24:23,82274,709,183,67,
2025-11-21T08:17:01,88308,165,111,63,ERR_SIGNAL
2025-11-21T06:39:23,92181,806,59,55,
2025-11-11T03:53:39,2132,616,105,43,
2025-11-12T22:32:28,68250,455,110,32,
2025-11-26T17:02:36,77943,296,188,38,
2025-11-25T12:25:24,22623,525,141,49,
2025-12-02T03:27:08,11132,899,95,59,
2025-12-05T08:56:14,16543,429,115,35,
2025-11-18T18:34:49,38615,409,129,65,
2025-11-11T10:53:28,83122,338,151,37,
2025-12-09T19:33:17,61670,202,123,52,
2025-11-14T13:45:00,97752,936,163,58,
2025-11-15T08:12:13,3080,569,145,94,
2025-11-15T00:47:39,80128,767,106,99,ERR_SIGNAL
2025-12-02T12:24:59,15374,833,78,88,
2025-12-08T18:27:06,35642,238,140,34,
2025-11-29T11:39:36,77944,227,163,37,
2025-11-29T23:37:28,12401,894,92,89,ERR_CONNECTION
2025-11-28T02:41:05,61547,252,129,21,
2025-11-14T03:59:44,53886,373,118,70,
2025-12-09T10:38:43,45626,594,139,100,
2025-11-17T14:27:54,25042,850,147,33,
2025-11-17T20:31:57,60182,478,140,78,
2025-12-01T03:25:49,95882,859,67,45,
2025-11-16T11:11:57,52879,653,80,28,
2025-11-30T20:56:52,10034,949,94,33,
2025-11-14T08:55:23,64243,436,154,27,
2025-12-04T21:44:56,34989,136,115,53,
2025-12-06T19:03:17,73176,852,193,29,
2025-11-24T11:06:55,58180,425,153,22,
2025-11-15T04:17:09,20716,608,67,69,
2025-11-24T14:12:06,47320,979,151,41,
2025-12-07T13:34:38,3359,718,81,70,
2025-11-20T17:24:30,99179,196,200,36,
2025-12-01T09:25:10,71132,151,76,42,
2025-11-19T01:42:43,99313,778,156,36,ERR_BATTERY
2025-11-28T17:21:08,75642,186,66,69,
2025-12-07T22:55:47,37787,455,124,41,
2025-11-22T15:00:06,16713,117,54,96,
2025-11-25T00:36:40,51232,322,62,82,
2025-12-08T07:25:28,97789,499,74,48,ERR_TIMEOUT
2025-11-29T08:18:20,96883,581,159,79,
2025-11-24T00:08:34,65221,801,108,48,
2025-11-22T16:18:01,17139,553,87,47,
2025-11-22T21:04:10,60063,644,185,83,ERR_BATTERY
2025-11-12T08:31:46,66145,226,115,92,
2025-12-07T14:59:23,99197,767,154,46,
2025-11-11T00:48:05,67975,761,79,36,
2025-11-17T14:00:19,8384,985,141,31,
2025-11-23T22:00:24,19763,159,84,64,
2025-11-16T18:38:52,13075,216,152,44,
2025-11-12T17:49:58,5096,225,61,73,
2025-12-07T19:24:52,92598,286,54,43,
2025-11-14T07:10:38,31862,186,86,100,
2025-11-17T05:43:21,85441,101,154,53,
2025-12-09T14:13:26,74757,381,145,58,
2025-11-28T04:43:18,38615,886,169,66,
2025-11-15T07:39:32,14112,397,173,98,
2025-12-05T03:51:27,85029,826,97,53,
2025-11-30T13:35:14,81072,516,88,58,
2025-12-07T17:16:16,5433,405,141,97,
2025-11-10T19:46:33,26674,956,87,59,
2025-11-17T16:10:43,29779,361,82,81,ERR_CONNECTION
2025-11-29T23:09:22,67965,761,189,32,
2025-11-28T07:07:16,43187,175,191,32,
2025-11-15T11:59:02,37186,821,153,63,
2025-11-26T17:25:43,65399,101,141,76,
2025-11-17T05:15:34,52816,709,135,30,
2025-11-29T16:40:08,15826,598,115,32,
2025-11-29T03:17:35,91448,676,200,94,
2025-12-02T06:20:10,90690,627,157,93,
2025-12-01T22:36:38,33056,563,58,50,
2025-11-28T01:18:58,86506,183,60,35,
2025-11-29T11:51:09,59542,276,93,69,
2025-11-10T09:09:20,12631,837,174,29,
2025-11-24T04:12:51,75285,670,88,78,
2025-11-19T10:49:20,86147,560,173,51,
2025-11-11T09:58:11,32887,892,114,49,
2025-11-11T22:50:57,84166,602,102,53,
2025-12-02T23:20:43,40839,723,79,84,
2025-11-22T02:53:15,87482,663,107,94,
2025-12-04T09:56:01,39368,979,172,69,ERR_TIMEOUT
2025-11-14T06:59:44,27500,836,92,37,
2025-11-26T02:24:16,96168,367,167,93,
2025-12-06T17:08:12,11318,760,112,77,
2025-11-28T13:33:24,85814,742,72,63,
2025-11-10T03:45:34,54100,915,65,28,
2025-12-02T16:52:12,61899,897,138,67,
2025-11-20T00:45:57,3560,403,121,99,
2025-11-22T07:25:30,65253,174,74,22,
2025-12-08T23:51:04,4297,272,147,41,
2025-11-17T03:56:19,27805,254,120,54,
2025-11-21T07:15:00,65253,881,146,65,ERR_SIGNAL
2025-11-22T03:19:39,16543,156,78,33,
2025-11-26T21:36:20,65391,578,148,77,
2025-12-04T20:44:31,23245,697,162,26,ERR_BATTERY
2025-11-19T18:14:34,42165,169,124,88,
2025-11-16T22:55:08,66726,421,173,39,
2025-11-23T23:38:44,52972,710,112,81,
2025-11-27T10:27:29,50262,123,134,86,
2025-11-24T00:05:48,44661,568,105,39,
2025-12-04T16:59:24,97158,857,195,81,
2025-12-09T23:14:59,80792,448,133,54,ERR_SENSOR
2025-12-05T06:40:21,9081,438,171,43,
2025-11-24T13:15:20,95564,473,167,23,
2025-12-07T09:24:31,72674,530,111,85,
2025-12-07T12:36:03,83122,506,125,77,
2025-11-17T16:30:40,92944,987,138,95,
2025-11-25T21:22:02,11132,496,181,100,
2025-11-12T23:05:05,57129,510,132,73,
2025-11-21T09:25:28,50375,564,144,38,
2025-11-16T00:19:57,47045,129,67,56,ERR_BATTERY
2025-11-14T11:47:53,42633,230,83,95,ERR_BATTERY
2025-11-30T19:58:22,97598,551,151,27,
2025-11-19T22:24:14,21673,132,59,89,
2025-12-02T20:11:41,64798,674,128,86,ERR_SENSOR
2025-12-08T02:54:21,39088,363,154,90,
2025-11-22T01:59:28,86495,318,53,60,
2025-12-09T19:57:54,75233,954,68,45,
2025-11-28T20:23:27,60570,978,86,70,
2025-11-13T13:09:04,932,630,53,81,
2025-12-02T05:43:07,70472,812,142,56,
2025-11-15T03:16:40,45039,554,116,85,
2025-12-06T16:50:14,96453,156,179,45,
2025-11-20T06:28:23,80953,468,135,37,ERR_SENSOR
2025-11-16T12:13:39,20232,532,161,79,ERR_SENSOR
2025-12-03T11:08:07,98048,309,103,87,
2025-12-08T01:11:14,60570,485,67,74,
2025-11-27T23:05:15,76597,708,200,61,
2025-11-17T13:12:40,50391,647,130,49,
2025-11-14T10:15:56,67732,527,175,79,
2025-11-13T15:11:34,25659,156,84,37,ERR_BATTERY
2025-11-23T09:53:50,19222,533,88,94,
2025-11-17T18:09:03,41344,117,103,45,
2025-11-13T05:34:09,21450,476,197,28,
2025-11-28T08:11:45,96168,122,98,85,
2025-12-06T12:36:09,932,457,128,52,
2025-12-05T22:52:55,42243,694,108,32,
2025-12-04T10:11:59,3608,633,163,84,
2025-11-29T00:58:09,18109,684,71,42,
2025-11-10T03:21:09,61787,839,103,84,ERR_CONNECTION
2025-11-25T20:20:18,506,664,86,64,
2025-11-17T02:18:39,14012,906,155,37,
2025-12-05T19:21:16,50991,125,50,73,ERR_SIGNAL
2025-12-03T12:14:43,50262,400,181,55,
2025-12-04T07:03:42,8499,548,161,40,
2025-11-24T11:39:48,14395,572,66,42,
2025-12-02T22:13:45,27013,771,162,54,ERR_SENSOR
2025-11-27T14:16:10,20589,538,157,86,
2025-11-25T11:02:53,24135,743,105,38,ERR_BATTERY
2025-11-14T04:13:56,16532,697,132,61,
2025-11-27T21:27:37,58023,766,94,52,
2025-12-04T05:05:01,25959,242,123,70,
2025-12-07T14:55:55,40583,630,67,35,
2025-11-26T10:05:25,23961,743,70,48,
2025-11-18T07:11:41,31308,907,164,68,
2025-11-15T06:15:24,39723,745,194,27,
2025-11-12T15:12:58,77795,817,161,85,
2025-11-17T10:21:33,74019,312,186,89,
2025-11-21T16:22:14,99313,482,198,59,
2025-11-15T09:20:15,99475,739,125,84,
2025-11-13T08:34:07,36743,199,198,45,
2025-11-29T15:09:18,31797,167,85,67,ERR_SENSOR
2025-11-21T07:56:32,24789,723,86,73,
2025-12-01T02:46:12,33875,362,77,96,
2025-11-13T16:01:59,20761,901,68,53,
2025-11-16T21:35:16,16193,335,174,100,
2025-12-06T22:14:15,45039,974,92,38,
2025-11-29T01:19:41,74601,567,199,56,
2025-11-20T20:00:57,68250,905,83,24,
2025-12-02T05:21:43,36722,445,55,63,
2025-11-24T16:04:56,72693,874,132,70,
2025-11-23T01:27:59,45626,350,168,28,
2025-11-23T23:34:31,39960,409,88,30,
2025-11-19T03:36:21,50431,711,140,95,
2025-12-09T16:08:44,38568,926,56,77,
2025-11-19T17:58:10,23256,260,150,46,
2025-11-27T06:14:34,50213,300,140,65,
2025-11-28T20:57:46,98234,354,192,55,
2025-11-30T08:07:46,35642,770,182,25,
2025-12-01T02:14:38,36360,597,92,82,ERR_SENSOR
2025-12-03T12:16:56,63878,546,115,64,
2025-12-06T22:28:50,29953,542,133,47,ERR_BATTERY
2025-11-11T06:36:11,75616,908,193,52,
2025-11-14T19:24:11,92467,842,103,58,
2025-12-01T15:29:00,50262,241,174,36,
2025-11-11T01:26:19,40687,591,117,89,
2025-12-06T07:08:02,39368,402,65,78,
2025-11-12T15:41:24,94511,738,91,67,
2025-11-19T17:28:24,64290,388,92,63,
2025-11-12T05:50:23,93062,284,73,62,
2025-12-06T10:11:34,72077,823,53,29,
2025-11-11T15:33:29,95139,574,88,26,
2025-11-12T22:52:44,58955,173,153,81,
2025-11-11T19:36:13,43203,634,195,41,
2025-11-17T22:22:36,53960,642,62,56,
2025-11-17T11:33:30,14112,125,191,75,
2025-12-01T18:12:12,16342,126,150,41,
2025-11-25T15:11:46,82500,694,199,98,
2025-11-18T04:28:02,67732,136,163,40,
2025-12-08T02:53:58,11258,167,113,24,
2025-11-19T14:33:23,42183,196,157,29,
2025-11-29T17:37:19,57259,395,106,36,
2025-12-06T02:41:09,19529,719,196,89,
2025-11-30T11:07:04,48545,356,196,65,
2025-11-16T07:10:01,36362,798,183,41,
2025-11-23T12:30:48,8499,782,194,54,
2025-12-07T05:24:02,45437,573,81,34,
2025-11-14T21:40:45,37600,917,113,96,
2025-12-02T06:35:43,75558,822,176,47,
2025-11-13T15:59:15,22403,175,131,64,
2025-12-04T10:41:54,61670,822,115,29,
2025-11-23T18:02:25,39368,929,108,39,
2025-12-03T23:31:26,80996,971,77,37,
2025-12-02T11:55:43,92053,313,174,94,
2025-12-06T20:46:34,24854,254,166,34,
2025-11-28T19:43:26,9499,873,95,68,
2025-11-16T13:36:01,83514,755,194,93,
2025-11-30T14:09:38,89291,527,113,92,ERR_CONNECTION
2025-12-03T06:20:43,21421,551,67,36,
2025-12-08T13:14:28,39771,480,190,34,
2025-11-10T06:18:38,20008,486,66,39,
2025-11-21T20:32:49,33789,892,52,36,
2025-11-12T14:42:29,34105,367,71,53,
2025-11-19T21:54:10,91537,485,65,90,
2025-11-21T04:27:19,70257,292,50,53,
2025-11-27T05:35:21,85111,561,116,95,
2025-12-03T07:06:12,65511,701,188,81,
2025-11-27T06:36:20,96864,697,176,66,ERR_BATTERY
2025-11-18T04:14:50,8859,983,173,24,
2025-11-20T07:23:13,33727,955,182,93,
2025-11-13T17:50:05,72050,829,102,65,
2025-11-22T03:35:17,5017,111,90,70,
2025-12-09T11:26:32,20823,583,157,47,
2025-11-20T21:53:47,29703,244,132,47,
2025-11-15T06:59:04,64261,709,180,42,
2025-11-12T18:35:26,48647,888,65,47,
2025-11-28T16:21:42,76867,243,60,27,ERR_SIGNAL
2025-11-24T13:35:26,27523,120,155,35,
2025-12-08T19:27:45,72562,241,166,78,
2025-11-17T05:52:44,70644,439,83,39,ERR_SENSOR
2025-11-23T06:57:50,42082,881,176,73,
2025-11-10T16:22:36,20589,834,56,57,
2025-11-27T18:29:52,82500,426,61,39,
2025-11-21T15:08:46,38568,878,109,62,
2025-12-08T05:49:44,11,825,142,68,
2025-11-17T05:56:44,50324,932,158,42,
2025-12-01T15:13:08,65619,346,109,54,
2025-11-27T05:18:08,16342,906,101,65,
2025-12-01T20:56:21,87795,692,81,22,
2025-11-29T13:12:03,94930,127,165,92,
2025-11-27T17:24:07,43300,541,97,54,ERR_CONNECTION
2025-11-18T20:22:35,64180,780,112,100,ERR_BATTERY
2025-11-15T15:48:28,95027,273,198,51,
2025-11-28T02:27:38,52571,384,184,56,
2025-12-06T23:58:45,97483,110,136,81,ERR_TIMEOUT
2025-12-03T23:31:26,36575,190,69,37,
2025-11-22T15:23:36,37937,501,163,25,
2025-11-21T12:53:08,85208,813,197,62,ERR_CONNECTION
2025-11-15T02:31:20,66239,306,91,59,
2025-11-12T22:22:18,36362,143,73,37,ERR_SENSOR
2025-11-26T17:39:39,25504,428,100,27,ERR_SIGNAL
2025-11-28T08:19:16,79872,800,91,99,
2025-12-07T03:09:39,1885,957,88,80,
2025-11-28T05:34:17,55898,683,125,20,ERR_SENSOR
2025-12-03T09:37:20,34849,631,174,26,
2025-11-13T07:02:43,40359,188,69,22,
2025-11-14T21:42:03,48086,870,76,75,
2025-11-27T01:48:44,82951,907,145,51,
2025-11-13T19:55:11,94249,582,139,52,ERR_BATTERY
2025-12-04T06:07:24,33830,465,63,54,
2025-12-07T20:44:44,94309,870,188,41,
2025-11-28T10:39:08,71132,549,156,98,
2025-11-24T00:40:04,38643,421,115,98,ERR_CONNECTION
2025-11-20T10:37:54,96439,204,126,30,
2025-12-08T04:51:16,18229,222,72,86,ERR_CONNECTION
2025-11-19T04:56:30,35868,479,105,86,
2025-11-19T15:19:55,51918,402,195,62,ERR_TIMEOUT
2025-11-29T22:11:00,58590,223,164,35,
2025-12-03T12:15:04,16665,801,97,91,
2025-12-09T21:34:09,79316,766,196,59,ERR_SENSOR
2025-11-20T10:21:27,47098,896,139,88,ERR_TIMEOUT
2025-11-20T11:27:47,37339,217,89,60,
2025-12-01T22:39:12,30356,519,56,40,
2025-11-25T17:46:02,39437,304,142,54,
2025-11-22T19:14:40,25042,601,84,68,ERR_TIMEOUT
2025-11-28T09:49:31,46723,384,184,41,
2025-12-08T23:06:02,36575,266,95,98,ERR_CONNECTION
2025-11-16T21:05:19,12972,872,194,35,
2025-11-19T03:51:36,22393,859,52,51,
2025-11-13T15:04:37,20761,499,107,29,
2025-11-28T20:12:57,81885,657,192,77,
2025-12-07T08:09:00,91833,625,62,71,
2025-11-18T14:54:42,26953,603,174,47,
2025-12-08T12:30:57,32350,469,152,37,
2025-11-16T17:43:11,45805,611,167,58,
2025-11-13T15:00:41,61670,186,173,76,
2025-12-08T15:55:28,40880,772,56,59,
2025-12-05T22:11:12,18199,268,119,29,
2025-11-28T12:29:17,49881,479,111,93,
2025-12-01T03:47:49,53530,682,191,56,
2025-12-05T23:56:49,2699,585,89,21,
2025-11-15T03:43:00,46723,766,89,82,
2025-11-25T22:12:55,25130,588,132,31,
2025-11-29T00:48:22,97910,554,155,35,
2025-12-02T20:40:37,73370,708,192,95,ERR_CONNECTION
2025-12-03T22:58:23,76948,434,126,92,
2025-11-12T17:48:35,61558,103,156,68,
2025-11-16T11:25:11,2885,829,52,71,
2025-11-18T20:24:34,86495,596,183,64,
2025-11-30T14:26:08,80504,580,160,82,
2025-12-09T23:31:26,86495,796,92,27,
2025-12-02T10:31:54,25037,972,181,66,
2025-12-05T03:10:58,86522,530,165,97,
2025-11-26T12:55:54,20925,343,141,31,
2025-11-19T12:51:16,23860,733,66,31,
2025-11-17T04:52:45,48530,111,174,51,ERR_BATTERY
2025-12-01T04:51:34,59465,440,101,73,
2025-11-18T08:36:39,76244,319,133,34,
2025-11-24T04:22:14,90238,307,123,98,
2025-12-02T19:17:05,76700,301,170,77,
2025-11-15T09:44:52,56041,346,188,25,
2025-11-14T18:58:12,23718,333,145,91,ERR_TIMEOUT
2025-11-27T12:41:04,93364,504,129,38,
2025-12-08T01:02:58,14395,894,106,98,
2025-12-04T00:11:21,51576,385,111,50,
2025-11-23T00:10:44,2132,831,99,93,
2025-12-08T07:55:35,62848,275,93,71,
2025-11-21T05:42:28,97051,809,105,76,
2025-12-02T04:10:40,58015,602,171,61,
2025-11-14T00:19:28,22403,650,184,41,ERR_SIGNAL
2025-12-06T00:08:11,85441,327,188,82,
2025-11-17T08:39:34,8137,766,167,45,
2025-11-12T03:01:08,88829,527,127,20,
2025-11-16T00:11:46,8499,851,199,41,
2025-12-01T13:42:59,38703,640,54,45,ERR_TIMEOUT
2025-11-22T06:51:01,82703,115,105,75,
2025-12-04T13:17:20,16698,709,154,82,
2025-11-21T07:06:59,67965,289,110,23,
2025-11-29T10:02:53,54397,682,160,48,
2025-11-24T10:55:47,79872,290,89,22,
2025-11-24T04:01:51,42710,681,141,42,
2025-12-03T02:44:06,46050,494,58,44,ERR_BATTERY
2025-11-26T17:44:34,81771,504,74,68,
2025-12-06T06:21:16,62380,513,188,35,
2025-11-11T04:48:02,68796,501,98,74,
2025-11-29T07:59:51,36742,826,90,63,
2025-12-01T03:08:52,16534,975,197,35,
2025-11-14T12:51:37,52571,453,182,74,
2025-12-01T02:52:32,86626,613,180,44,
2025-11-12T01:52:57,85034,452,142,90,
2025-11-26T11:06:16,52266,343,121,38,
2025-11-28T19:03:33,71620,643,120,64,
2025-12-07T01:47:39,31100,612,141,26,ERR_BATTERY
2025-11-20T19:07:59,61330,677,181,95,
2025-11-30T08:02:36,94459,124,163,21,
2025-11-14T07:05:13,23979,347,156,26,
2025-12-05T20:57:17,76597,794,51,20,
2025-11-18T21:22:16,29176,757,82,38,
2025-12-08T17:25:40,22194,368,147,73,
2025-11-10T03:13:57,52109,778,154,33,
2025-11-23T05:08:17,54399,327,155,78,
2025-12-04T09:18:57,52862,220,78,44,
2025-11-12T23:06:07,28784,258,120,33,
2025-11-18T04:48:13,86522,562,174,29,
2025-11-16T21:28:10,50213,810,81,21,
2025-11-25T00:33:38,25130,774,115,75,
2025-12-02T23:34:01,29614,250,66,20,
2025-11-13T11:32:19,33875,192,56,80,
2025-11-28T15:36:45,10127,555,65,41,
2025-11-26T17:44:44,63878,827,159,51,
2025-11-26T08:42:19,1635,659,164,42,
2025-11-27T04:58:09,18199,126,153,30,
2025-11-25T02:02:30,23718,951,70,78,
2025-11-10T17:14:01,35642,812,85,95,
2025-12-04T12:34:43,80646,689,168,69,
2025-12-02T13:51:37,92359,132,120,92,
2025-11-22T15:22:07,55223,568,180,69,ERR_CONNECTION
2025-11-27T00:14:32,71547,920,93,78,
2025-11-10T12:55:35,38643,372,114,24,
2025-11-14T22:58:53,9499,631,187,26,
2025-11-14T00:24:37,18050,703,143,67,
2025-12-02T08:45:14,52816,769,187,76,
2025-12-02T00:06:53,65568,216,190,70,
2025-11-17T13:39:57,44033,905,113,60,
2025-11-20T12:56:53,36049,157,170,81,
2025-11-29T07:35:18,98718,828,143,77,
2025-11-10T16:13:55,86250,163,116,85,ERR_BATTERY
2025-12-09T13:07:44,54599,740,162,98,
2025-12-07T08:28:58,18109,539,62,73,ERR_SENSOR
2025-11-28T04:56:30,89884,140,147,61,
2025-12-03T01:45:25,93062,998,121,70,ERR_TIMEOUT
2025-11-27T19:27:05,56066,434,137,100,
2025-11-19T15:14:03,87304,245,65,50,ERR_TIMEOUT
2025-12-01T19:30:15,76318,530,90,92,
2025-12-01T08:33:27,73357,713,158,75,
2025-12-05T11:57:22,80504,736,126,58,
2025-11-13T07:16:05,60063,586,55,76,
2025-12-07T20:31:23,85814,441,199,93,
2025-11-19T02:01:49,52855,895,56,50,
2025-11-23T06:24:40,21450,947,63,84,
2025-11-18T06:51:21,17039,438,170,21,
2025-11-29T09:08:24,18229,778,120,30,
2025-11-18T14:49:29,2533,482,62,60,ERR_CONNECTION
2025-11-11T04:17:43,19610,725,62,53,
2025-11-24T13:53:44,92053,820,158,38,
2025-12-01T20:17:55,76318,298,132,71,
2025-11-29T23:37:12,13123,404,157,80,
2025-12-09T00:26:50,7509,174,78,32,
2025-12-08T04:31:00,2463,962,150,64,ERR_SIGNAL
2025-12-02T19:38:32,65253,921,68,81,
2025-12-08T20:09:09,61330,475,72,33,
2025-11-30T09:43:48,68992,392,90,86,
2025-11-19T19:16:07,90245,875,51,66,
2025-11-21T16:18:21,28924,839,159,43,
2025-12-02T04:35:27,54277,140,158,60,
2025-11-21T15:52:38,63865,837,155,85,
2025-11-11T07:16:29,16534,993,146,39,ERR_BATTERY
2025-11-16T17:26:53,50824,867,60,63,
2025-11-29T19:31:52,12285,143,126,82,
2025-11-15T16:51:26,15525,483,118,36,
2025-12-08T05:54:00,39095,896,175,35,ERR_SIGNAL
2025-11-22T14:37:54,79422,623,164,55,
2025-12-07T21:55:50,77943,472,123,100,
2025-12-08T07:21:59,33830,551,181,48,
2025-11-25T13:17:06,40155,581,140,20,
2025-11-21T20:55:35,27500,216,192,83,
2025-12-01T09:37:12,12622,284,61,60,
2025-12-01T05:59:55,31108,396,118,66,
2025-11-30T12:16:25,71871,377,127,55,
2025-11-26T14:32:26,55360,336,130,46,
2025-11-16T03:21:27,47964,417,182,97,
2025-11-10T00:30:19,37260,340,61,43,
2025-12-08T09:05:23,77722,674,174,86,ERR_SIGNAL
2025-11-10T10:25:30,20178,211,80,81,
2025-11-16T21:06:22,2261,786,73,92,
2025-11-27T01:55:11,35957,123,184,89,
2025-12-01T05:56:22,98718,812,127,73,
2025-11-17T02:38:57,48836,382,105,87,
2025-11-14T14:49:49,36841,741,112,45,ERR_BATTERY
2025-12-06T01:47:56,14307,911,64,24,
2025-11-20T05:15:13,46956,720,71,54,ERR_SENSOR
2025-11-14T02:49:11,60182,281,58,28,
2025-12-08T04:59:35,10941,321,193,88,
2025-11-17T11:42:30,58441,987,83,32,
2025-12-02T20:37:02,60626,243,130,96,
2025-12-01T16:23:24,14112,779,103,96,ERR_BATTERY
2025-11-19T17:14:21,5876,658,116,39,
2025-11-26T20:13:41,95882,261,124,50,
2025-11-30T22:14:42,5609,973,135,82,
2025-11-18T08:18:44,95027,757,172,22,
2025-11-30T13:52:32,52571,570,156,41,ERR_SIGNAL
2025-11-19T02:12:28,42447,693,104,28,ERR_SENSOR
2025-11-23T00:27:30,16665,585,134,34,
2025-12-06T14:47:18,91903,955,63,44,
2025-11-26T04:50:35,18293,580,71,78,
2025-12-06T01:27:52,40108,156,168,99,
2025-11-18T16:55:44,93369,239,80,35,
2025-11-29T02:14:01,99690,766,59,99,
2025-11-26T12:16:34,30338,315,145,89,
2025-11-23T13:04:38,40892,512,157,58,
2025-12-09T06:27:28,39437,293,131,59,
2025-11-26T13:52:59,71284,354,138,92,
2025-11-24T14:17:51,63376,805,88,85,
2025-11-12T11:40:24,68461,306,176,47,
2025-12-06T11:49:38,75616,480,57,78,
2025-12-04T14:51:15,463,397,164,34,
2025-12-03T21:01:44,86626,838,116,27,
2025-11-25T15:44:42,23950,605,59,80,
2025-11-21T14:25:00,18801,894,56,92,
2025-11-25T04:32:14,8768,827,157,63,
2025-11-15T15:37:47,9499,638,190,68,
2025-12-04T15:42:01,54399,510,124,72,
2025-12-03T16:12:32,93508,930,152,39,
2025-11-23T03:56:13,69027,576,176,29,ERR_CONNECTION
2025-12-04T09:53:51,21000,153,120,24,
2025-11-30T07:48:39,33633,206,58,82,
2025-11-14T05:21:00,78684,916,141,28,ERR_BATTERY
2025-11-30T09:50:07,5309,583,68,83,
2025-11-21T00:56:05,35175,634,198,49,ERR_TIMEOUT
2025-11-26T06:06:52,45111,246,100,64,
2025-11-26T00:32:26,11105,336,60,62,
2025-12-04T19:37:32,27013,932,115,91,
2025-11-17T20:25:22,55539,229,164,55,
2025-11-17T21:02:00,48726,728,106,37,
2025-11-23T15:12:17,93329,661,156,29,
2025-11-14T15:23:12,71132,781,156,54,
2025-11-15T20:00:35,25504,941,128,77,
2025-11-15T01:56:43,57254,509,145,61,ERR_BATTERY
2025-12-03T07:53:22,81434,554,142,87,
2025-11-21T02:07:13,49578,294,55,32,
2025-11-20T07:11:01,21315,891,191,28,
2025-11-14T00:00:32,14582,453,96,24,
2025-11-14T13:50:08,8892,134,60,85,
2025-11-18T00:44:55,7314,430,110,88,ERR_TIMEOUT
2025-11-17T12:30:56,44591,994,167,57,
2025-12-05T06:33:59,56983,736,80,74,
2025-11-14T06:51:00,62033,513,72,79,
2025-11-13T05:27:38,23913,696,120,89,
2025-11-11T19:43:22,39440,106,153,48,
2025-11-27T09:19:44,3519,832,123,98,
2025-11-11T15:39:50,18229,874,148,89,
2025-11-15T20:17:51,91833,857,173,92,
2025-11-27T20:27:36,53115,329,149,84,ERR_CONNECTION
2025-11-27T16:56:00,3515,432,98,31,
2025-11-25T14:12:13,463,417,87,72,ERR_CONNECTION
2025-12-08T11:41:01,30581,764,98,27,
2025-12-01T23:21:07,3359,631,74,84,
2025-11-11T00:26:51,98631,347,107,48,ERR_BATTERY
2025-11-24T19:19:43,18109,204,143,96,
2025-11-15T11:35:45,44611,498,124,58,
2025-11-25T15:55:25,71685,829,110,26,
2025-11-29T03:53:20,20925,351,154,88,
2025-12-05T20:14:01,29672,294,69,80,
2025-11-11T21:05:49,29791,180,74,60,
2025-11-30T12:56:48,96835,167,132,76,
2025-11-25T10:27:45,50324,135,155,64,
2025-11-23T17:09:03,93330,843,157,43,
2025-11-25T22:33:00,93330,842,70,48,ERR_SENSOR
2025-11-19T23:42:18,45630,941,200,51,
2025-12-08T21:23:59,86072,930,102,78,
2025-12-07T17:45:06,3115,593,177,20,
2025-12-03T00:32:52,60774,970,57,63,
2025-11-28T20:19:26,85675,924,179,68,
2025-12-09T09:58:31,75268,274,58,61,
2025-12-06T02:44:10,53882,176,186,94,
2025-11-27T11:05:39,16193,236,95,88,
2025-11-29T07:00:10,36722,408,133,91,ERR_CONNECTION
2025-12-06T20:37:30,85111,416,105,27,ERR_SIGNAL
2025-11-29T23:52:15,20589,543,106,80,
2025-11-11T02:18:51,23224,215,76,93,
2025-11-27T06:57:20,31862,523,94,42,
2025-11-15T03:16:50,71871,283,158,34,
2025-11-19T20:02:54,97598,951,52,69,ERR_BATTERY
2025-11-25T03:15:20,78404,345,112,96,
2025-11-30T22:57:09,94020,717,172,28,
2025-11-19T06:20:57,27805,275,87,79,
2025-11-26T07:59:54,26820,989,164,36,
2025-12-04T18:51:13,88447,124,75,43,ERR_SIGNAL
2025-11-13T02:25:53,20925,841,58,25,
2025-12-05T14:08:19,45674,948,128,99,
2025-12-06T10:56:28,27013,515,150,26,
2025-12-01T20:56:48,60098,590,66,29,
2025-11-18T20:55:11,79872,340,137,89,
2025-11-23T10:34:38,22194,265,169,69,
2025-11-21T13:21:51,19529,810,102,100,
2025-11-11T13:27:26,58180,782,94,61,
2025-11-11T05:36:19,7565,940,155,30,
2025-11-24T08:11:22,64708,768,100,63,ERR_CONNECTION
2025-12-01T06:57:28,20244,503,71,60,
2025-11-26T18:30:58,24342,810,84,29,
2025-12-01T20:23:42,77670,362,147,46,
2025-12-01T12:55:28,16880,964,117,60,
2025-12-06T00:50:01,80953,558,88,44,
2025-11-22T15:15:16,81507,461,193,96,
2025-11-17T10:37:50,73809,522,67,40,
2025-12-02T15:32:17,49449,834,199,40,
2025-11-13T20:22:47,43187,605,124,21,
2025-11-23T13:59:07,73980,575,90,52,
2025-11-25T15:40:36,3056,536,178,84,
2025-11-25T15:17:47,31168,416,124,91,
2025-12-03T15:02:51,45111,861,161,82,
2025-11-18T05:34:23,31152,168,53,59,
2025-11-20T11:08:45,48647,459,117,21,
2025-12-09T06:29:46,33830,419,105,44,
2025-11-25T10:49:12,60936,430,147,80,
2025-12-07T11:08:53,7314,962,164,80,ERR_BATTERY
2025-11-27T12:34:58,31100,327,109,83,
2025-11-26T13:22:23,25659,354,198,32,
2025-12-01T21:51:03,72915,543,91,29,
2025-12-05T19:25:00,72674,436,160,53,
2025-11-23T17:35:50,98038,442,176,35,
2025-11-14T15:48:24,64878,345,145,33,
2025-11-27T03:06:59,61547,572,134,35,
2025-11-12T13:18:59,12353,507,76,30,
2025-11-13T23:35:23,31862,281,148,43,
2025-11-17T08:26:23,91885,172,88,55,
2025-11-10T18:58:04,5876,483,68,50,
2025-11-28T02:42:06,39905,315,50,35,
2025-11-13T18:40:06,80455,284,120,22,
2025-11-21T23:29:57,30177,759,200,97,
2025-12-05T05:04:10,97327,197,133,81,
2025-11-17T07:44:54,24813,844,68,36,
2025-11-26T04:22:59,39960,669,199,92,
2025-12-08T03:01:42,12285,111,151,84,
2025-11-13T19:57:52,6487,794,200,51,
2025-12-04T01:48:42,73980,376,113,56,
2025-11-11T02:00:22,31168,271,151,35,
2025-12-01T01:39:41,95974,738,121,65,
2025-11-16T13:07:37,15717,536,171,64,
2025-11-23T17:05:01,410,200,119,27,
2025-11-16T07:25:31,84864,998,134,44,ERR_BATTERY
2025-11-27T01:29:59,16534,910,72,26,
2025-11-30T11:22:29,85994,391,192,57,
2025-11-20T06:06:26,80646,697,53,49,
2025-12-02T01:37:14,1635,346,130,68,ERR_TIMEOUT
2025-11-22T21:01:24,2300,588,173,55,
2025-11-15T06:08:05,93977,591,97,33,
2025-11-15T09:59:24,14475,201,92,74,
2025-11-15T13:30:25,88600,742,196,84,
2025-11-18T17:41:06,83122,950,80,92,
2025-12-08T10:41:28,97224,659,140,31,
2025-12-04T22:00:40,24433,924,172,84,
2025-12-04T04:44:04,85438,656,86,84,
2025-11-30T17:05:50,11192,774,197,85,
2025-12-02T10:35:59,93329,907,96,83,
2025-11-12T07:09:41,25737,203,170,33,
2025-11-11T08:32:16,37600,214,156,74,
2025-12-01T02:34:23,3627,699,53,64,ERR_SIGNAL
2025-11-28T10:14:39,39095,423,182,72,ERR_TIMEOUT
2025-12-01T12:48:42,49842,638,63,81,
2025-11-25T01:48:26,97728,744,151,57,
2025-12-08T14:54:57,39095,726,138,29,
2025-11-22T14:17:33,50057,979,147,44,
2025-12-03T13:37:25,98024,773,103,79,
2025-11-22T07:18:10,8365,360,185,81,ERR_BATTERY
2025-11-26T22:06:13,13123,649,89,45,
2025-11-15T15:23:01,13277,183,61,70,
2025-11-12T17:17:45,97970,459,166,58,ERR_CONNECTION
2025-11-13T19:31:48,3842,698,71,56,
2025-11-21T13:52:56,99062,591,53,31,
2025-11-12T05:27:02,88153,819,67,99,
2025-11-14T18:43:24,25959,958,163,80,ERR_SIGNAL
2025-11-14T04:26:33,84683,523,100,96,
2025-11-23T21:27:34,26287,405,89,85,ERR_TIMEOUT
2025-11-27T12:56:21,42585,307,87,66,
2025-11-14T08:38:07,75616,935,185,20,
2025-11-29T20:24:09,89415,325,77,28,
2025-11-10T18:15:04,19992,580,97,96,
2025-11-20T21:28:05,22441,217,153,81,
2025-11-29T01:47:06,11631,755,132,63,
2025-12-02T00:22:14,17139,536,134,88,ERR_TIMEOUT
2025-11-10T22:24:03,85675,310,98,38,
2025-11-14T16:52:35,35704,625,101,84,
2025-11-21T02:22:01,5116,900,107,67,
2025-12-07T14:33:39,85596,996,59,100,
2025-11-21T17:18:20,52159,632,133,95,
2025-11-15T22:18:17,70472,885,100,97,
2025-12-04T02:57:10,55186,150,150,83,
2025-12-04T23:28:56,3627,522,185,85,
2025-12-04T16:12:49,84166,177,160,25,
2025-11-30T02:16:49,40939,844,60,39,ERR_BATTERY
2025-12-04T03:40:19,86346,792,92,65,
2025-11-11T20:28:56,98841,406,129,34,
2025-11-12T00:16:39,64708,793,94,30,
2025-11-16T20:58:11,25130,203,130,85,
2025-12-07T23:36:05,91537,141,166,31,
2025-12-04T14:09:51,66954,152,120,48,
2025-11-30T10:09:00,76626,827,141,46,ERR_BATTERY
2025-11-30T07:14:36,61862,926,148,26,
2025-11-22T20:20:51,23224,829,181,78,
2025-12-03T10:31:50,38703,190,51,95,ERR_TIMEOUT
2025-11-22T11:51:35,86250,716,73,49,
2025-12-07T10:29:28,40880,167,82,35,
2025-11-23T01:53:19,18199,274,133,27,
2025-11-13T20:47:04,82951,887,91,98,ERR_CONNECTION
2025-12-07T06:54:35,65607,757,174,96,
2025-11-25T11:54:51,4796,447,64,50,
2025-11-17T10:29:08,506,926,110,80,
2025-12-06T04:44:05,90224,641,65,60,
2025-11-14T16:53:33,90053,310,92,60,
2025-11-17T18:16:02,17041,764,90,22,
2025-12-01T13:43:38,42724,949,60,81,
2025-11-22T21:19:39,97446,601,101,37,
2025-12-03T23:38:20,56941,938,52,73,ERR_TIMEOUT
2025-11-11T13:03:44,91448,972,51,88,
2025-11-14T04:11:29,52879,641,105,82,
2025-11-27T13:29:10,82703,679,106,42,
2025-11-11T23:58:52,10878,800,172,50,
2025-11-18T15:16:25,54277,142,123,36,
2025-11-14T14:32:13,3748,575,137,70,
2025-11-27T17:42:00,15645,194,156,84,
2025-11-21T16:33:02,40939,379,97,63,
2025-11-10T16:06:46,18118,297,200,71,ERR_BATTERY
2025-11-18T02:40:28,5609,337,110,86,
2025-11-10T14:19:28,5519,999,70,57,
2025-12-06T05:16:06,22569,676,191,93,
2025-11-25T03:56:50,27500,164,157,44,
2025-11-12T21:33:34,23047,874,189,25,
2025-11-12T08:54:33,36724,869,195,63,
2025-11-23T01:21:15,90196,532,187,71,ERR_SIGNAL
2025-12-05T18:05:13,34583,634,108,91,ERR_TIMEOUT
2025-11-13T19:49:29,8260,458,121,36,
2025-11-27T07:17:57,35460,730,78,47,
2025-11-19T07:26:11,72712,813,136,89,
2025-11-21T06:29:05,63910,172,97,31,
2025-11-14T20:42:02,87304,109,133,95,ERR_CONNECTION
2025-11-24T09:47:56,10379,918,106,69,
2025-11-30T09:01:07,91098,947,175,50,
2025-11-28T07:55:47,3380,237,71,44,
2025-11-10T10:11:00,124,402,113,20,ERR_SIGNAL
2025-11-30T13:01:19,2400,538,111,21,ERR_TIMEOUT
2025-11-24T18:06:55,57635,171,155,33,
2025-11-16T13:28:04,87482,888,94,55,
2025-11-15T13:59:56,76673,602,80,56,ERR_SENSOR
2025-12-09T04:17:23,81631,147,197,95,
2025-11-13T14:20:17,80128,356,104,44,
2025-11-11T14:27:42,17708,366,53,23,
2025-11-29T07:15:25,91374,982,109,32,
2025-11-10T02:58:38,4969,681,155,50,ERR_SIGNAL
2025-12-08T15:20:53,12484,970,53,29,
2025-12-01T18:59:18,27050,585,81,71,
2025-11-27T14:56:41,97728,432,149,98,
2025-11-11T12:54:16,33801,394,63,55,
2025-11-15T01:56:15,52620,591,105,88,
2025-11-21T23:57:23,99631,242,104,20,ERR_SENSOR
2025-11-24T23:51:20,33875,900,146,81,
2025-11-10T04:39:52,34663,529,63,62,
2025-11-30T23:04:17,58955,571,100,76,
2025-11-29T16:58:27,50406,221,131,87,
2025-11-12T12:56:38,21450,268,69,36,
2025-12-06T22:57:34,33435,122,191,60,
2025-12-04T12:27:49,52553,414,128,32,
2025-11-13T04:03:22,4691,895,150,52,
2025-11-16T17:02:46,84008,886,152,100,
2025-11-19T00:59:52,80029,336,63,77,
2025-12-01T19:16:54,52266,548,69,36,
2025-11-23T22:12:44,34313,936,73,90,
2025-11-17T13:05:57,945,213,133,64,
2025-11-16T18:21:23,11995,986,161,39,
2025-09-19T01:06:09,99937,888,55,63,
2025-10-01T15:47:13,99937,888,192,72,
2025-11-01T05:56:29,99937,888,149,85,ERR_TIMEOUT
2025-09-24T23:43:14,99937,888,159,35,ERR_TIMEOUT
2025-11-23T19:36:29,99937,888,186,34,
2025-11-27T22:16:09,99937,888,118,58,
2025-09-24T03:45:34,99937,888,108,75,ERR_CONNECTION
2025-12-01T14:56:01,99937,888,95,51,
2025-10-14T06:36:54,99937,888,67,21,
2025-12-06T19:45:36,99937,888,100,42,
2025-11-29T16:20:14,99937,888,64,68,
2025-09-26T20:46:36,99937,888,140,95,
2025-10-12T23:08:29,99937,888,135,46,
2025-11-09T00:33:23,99937,888,74,72,
2025-10-15T02:36:46,99937,888,125,97,
2025-10-19T05:03:16,99937,888,179,92,
2025-11-30T07:24:43,99937,888,93,62,
2025-11-19T16:19:07,99937,888,70,39,
2025-12-04T15:04:16,99937,888,104,23,
2025-10-26T00:16:28,99937,888,176,98,
2025-10-04T02:07:09,99937,888,148,29,
2025-10-03T18:11:39,99937,888,109,49,
2025-10-10T12:54:52,99937,888,112,92,ERR_SENSOR
2025-09-19T11:56:47,99937,888,194,57,
2025-10-05T13:34:39,99937,888,76,78,
2025-10-08T13:40:30,99937,888,170,23,
2025-10-04T22:03:31,99937,888,172,71,
2025-09-30T02:35:17,99937,888,161,76,
2025-11-26T01:44:57,99937,888,174,56,
2025-09-21T16:17:56,99937,888,193,64,
2025-10-21T09:25:20,99937,888,200,28,ERR_SIGNAL
2025-10-22T19:27:26,99937,888,67,60,
2025-10-11T13:01:28,99937,888,194,94,
2025-11-25T17:09:00,99937,888,139,25,ERR_SENSOR
2025-09-28T03:00:19,99937,888,55,91,
2025-10-30T00:40:19,99937,888,129,23,
2025-11-22T05:44:28,99937,888,118,57,ERR_BATTERY
2025-10-26T17:53:58,99937,888,198,84,
2025-11-01T21:44:27,99937,888,55,99,
2025-10-04T19:08:46,99937,888,156,70,
2025-09-27T18:41:37,99937,888,153,26,
2025-10-12T15:39:16,99937,888,71,99,ERR_SIGNAL
2025-11-29T13:07:28,99937,888,74,22,
2025-10-05T10:34:13,99937,888,89,99,ERR_TIMEOUT
2025-10-29T18:57:07,99937,888,70,63,
2025-11-19T11:11:51,99937,888,110,80,
2025-10-02T05:30:08,99937,888,135,79,ERR_SENSOR
2025-10-29T10:19:44,99937,888,184,24,ERR_TIMEOUT
2025-10-13T07:49:34,99937,888,80,30,
2025-09-29T01:45:00,99937,888,143,83,ERR_BATTERY
2025-09-15T11:47:09,99937,888,196,84,
2025-10-10T12:00:45,99937,888,106,67,
2025-10-12T10:40:56,99937,888,158,50,
2025-10-14T08:44:24,99937,888,163,76,
2025-09-19T18:36:41,99937,888,141,27,ERR_BATTERY
2025-10-09T05:44:10,99937,888,72,72,ERR_SIGNAL
2025-11-24T02:53:48,99937,888,93,53,
2025-10-07T07:24:51,99937,888,96,81,ERR_BATTERY
2025-11-18T18:19:30,99937,888,78,28,
2025-09-14T12:33:46,99937,888,142,96,
2025-11-28T21:44:21,99937,888,164,89,
2025-11-23T07:27:23,99937,888,67,22,
2025-09-23T10:40:40,99937,888,127,22,
2025-10-23T04:21:56,99937,888,65,76,
2025-09-12T04:30:41,99937,888,62,31,
2025-11-30T00:11:39,99937,888,170,30,
2025-11-08T12:25:56,99937,888,59,83,
2025-11-14T05:19:18,99937,888,95,67,
2025-10-19T02:36:30,99937,888,106,89,
2025-12-05T15:30:15,99937,888,111,27,
2025-09-18T11:15:32,99937,888,106,21,
2025-10-17T15:15:10,99937,888,200,74,
2025-09-16T18:53:19,99937,888,109,49,
2025-12-01T21:33:34,99937,888,118,43,
2025-12-05T02:09:23,99937,888,74,22,
2025-11-15T02:32:13,99937,888,162,40,
2025-11-05T13:27:36,99937,888,134,77,
2025-11-03T00:27:12,99937,888,51,32,
2025-09-20T12:18:17,99937,888,180,63,
2025-11-19T13:28:04,99937,888,185,55,
2025-11-30T01:13:32,99937,888,65,56,
2025-11-03T12:17:35,99937,888,100,21,
2025-11-15T23:38:12,99937,888,119,26,
2025-10-13T00:01:14,99937,888,126,45,
2025-12-09T11:09:21,99937,888,52,22,
2025-11-19T12:43:54,99937,888,117,89,
2025-09-30T09:04:26,99937,888,102,99,ERR_BATTERY
2025-10-19T01:33:14,99937,888,115,45,
2025-11-26T08:05:10,99937,888,195,41,
2025-11-30T07:23:30,99937,888,195,87,
2025-10-31T19:32:03,99937,888,128,37,
2025-11-20T01:59:20,99937,888,122,38,
2025-10-26T03:57:55,99937,888,138,90,
2025-10-07T15:52:20,99937,888,82,74,
2025-10-16T07:18:55,99937,888,103,49,
2025-09-25T12:36:16,99937,888,80,26,ERR_SIGNAL
2025-12-04T19:29:14,99937,888,61,59,
2025-09-22T11:33:19,99937,888,60,20,
2025-10-10T16:10:56,99937,888,58,49,
2025-11-04T19:19:28,99937,888,62,49,
2025-11-28T01:25:10,99937,888,75,85,
2025-10-30T05:49:13,99937,888,74,78,
2025-11-30T02:45:42,99937,888,63,21,
2025-11-30T09:51:48,99937,888,61,59,
2025-11-14T12:12:35,99937,888,151,53,
2025-09-28T20:43:12,99937,888,197,57,
2025-11-30T05:44:53,99937,888,63,23,
2025-11-24T21:12:20,99937,888,116,25,ERR_SIGNAL
2025-09-27T12:36:48,99937,888,175,51,
2025-11-11T00:17:49,99937,888,171,25,ERR_SENSOR
2025-10-14T10:57:50,99937,888,167,34,
2025-11-13T01:18:01,99937,888,96,27,ERR_TIMEOUT
2025-11-20T18:56:52,99937,888,198,88,
2025-12-07T13:36:02,99937,888,153,40,
2025-10-21T00:29:12,99937,888,125,26,
2025-11-28T18:00:10,99937,888,120,98,
2025-10-31T14:47:31,99937,888,121,41,
2025-11-07T23:38:27,99937,888,107,37,
2025-10-24T19:11:03,99937,888,141,44,
2025-09-30T07:57:57,99937,888,56,86,
2025-11-26T11:32:23,99937,888,125,46,
2025-09-20T06:21:06,99937,888,91,96,
2025-10-25T05:19:32,99937,888,122,32,
2025-10-31T23:27:34,99937,888,183,78,
2025-11-16T11:34:20,99937,888,138,40,
2025-10-30T09:44:36,99937,888,111,64,
2025-10-27T00:38:03,99937,888,165,100,
2025-12-08T12:22:10,99937,888,81,61,
2025-12-08T21:50:51,99937,888,129,92,
2025-11-10T07:21:08,99937,888,78,26,ERR_SIGNAL
2025-10-30T14:16:28,99937,888,127,35,
2025-09-15T05:40:33,99937,888,168,82,
2025-11-07T04:58:37,99937,888,164,48,
2025-09-24T21:35:01,99937,888,87,32,
2025-10-13T16:51:43,99937,888,183,76,
2025-09-26T05:43:08,99937,888,162,73,
2025-10-30T16:31:01,99937,888,124,85,
2025-11-06T02:15:41,99937,888,137,99,
2025-10-18T02:26:17,99937,888,90,45,ERR_TIMEOUT
2025-10-14T05:43:10,99937,888,190,84,
2025-10-19T10:36:47,99937,888,60,20,ERR_CONNECTION
2025-09-25T14:30:58,99937,888,183,63,
2025-09-15T08:37:06,99937,888,97,62,
2025-11-10T08:59:43,99937,888,57,55,
2025-10-19T18:21:07,99937,888,173,22,
2025-11-28T02:55:34,99937,888,70,100,
2025-11-29T08:34:18,99937,888,154,79,
2025-09-12T16:37:11,99937,888,123,69,
2025-11-22T16:18:01,99937,888,113,56,
2025-11-21T15:35:40,99937,888,109,78,
2025-10-30T01:12:00,99937,888,130,30,
2025-11-15T16:32:23,99937,888,189,42,
2025-09-28T17:32:49,99937,888,167,24,
2025-11-17T10:41:52,99937,888,191,25,ERR_TIMEOUT
2025-10-13T06:55:24,99937,888,106,30,
2025-10-17T04:17:11,99937,888,65,60,
2025-09-23T05:58:49,99937,888,112,82,
2025-12-08T05:16:55,99937,888,182,71,
2025-10-19T07:45:12,99937,888,88,36,
2025-11-26T22:06:13,99937,888,136,66,
2025-10-19T11:27:49,99937,888,78,64,
2025-10-11T21:10:05,99937,888,128,42,
2025-10-26T05:14:46,99937,888,94,88,
2025-11-20T05:49:05,99937,888,78,33,
2025-10-22T14:45:11,99937,888,84,28,
2025-11-17T19:56:00,99937,888,147,46,
2025-11-21T02:23:53,99937,888,81,35,
2025-10-06T18:17:38,99937,888,64,31,
2025-10-03T08:55:01,99937,888,59,44,ERR_SENSOR
2025-09-20T20:56:55,99937,888,138,32,
2025-10-19T00:20:38,99937,888,177,76,
2025-10-13T15:44:51,99937,888,183,30,
2025-11-30T07:28:05,99937,888,193,37,
2025-09-30T21:25:13,99937,888,192,75,ERR_CONNECTION
2025-10-15T16:06:44,99937,888,134,50,
2025-12-06T07:21:29,99937,888,52,37,
2025-10-01T03:20:37,99937,888,177,45,
2025-11-25T07:56:07,99937,888,67,21,
2025-11-24T09:12:22,99937,888,51,80,
2025-10-01T21:56:49,99937,888,119,53,
2025-09-21T11:54:06,99937,888,68,48,
2025-10-21T09:15:04,99937,888,174,50,
2025-11-06T18:27:10,99937,888,94,40,
2025-12-07T15:40:36,99937,888,178,81,
2025-12-07T04:21:06,99937,888,164,71,
2025-10-30T20:41:26,99937,888,71,45,ERR_BATTERY
2025-11-05T21:11:15,99937,888,151,89,
2025-10-12T09:16:55,99937,888,85,23,
2025-11-14T00:29:49,99937,888,70,52,
2025-10-31T02:02:32,99937,888,64,27,
2025-11-01T12:52:13,99937,888,155,64,
2025-11-15T21:17:26,99937,888,71,49,
2025-11-01T02:51:18,99937,888,185,21,
2025-11-14T15:10:02,99937,888,153,49,
2025-09-26T22:12:24,99937,888,71,85,ERR_CONNECTION
2025-12-09T16:55:58,99937,888,69,81,
2025-10-25T04:50:17,99937,888,191,96,ERR_SENSOR
2025-12-08T06:00:05,99937,888,167,96,
2025-09-30T14:21:01,99937,888,194,68,
2025-10-26T07:07:15,99937,888,167,63,
2025-10-13T04:24:54,99937,888,176,95,
2025-10-27T03:35:32,99937,888,158,100,ERR_BATTERY
2025-09-13T04:28:29,99937,888,143,32,
2025-10-09T14:30:25,99937,888,191,32,
2025-11-14T20:44:22,99937,888,145,76,
2025-11-13T12:05:35,99937,888,200,36,
2025-11-09T10:55:23,99937,888,171,24,
2025-11-02T15:54:19,99937,888,92,38,
2025-11-11T06:16:59,99937,888,134,65,
2025-09-18T10:06:41,99937,888,77,99,
2025-09-21T10:29:36,99937,888,51,56,
2025-09-28T06:08:18,99937,888,59,90,
2025-09-17T08:12:20,99937,888,143,28,
2025-10-15T04:02:19,99937,888,122,82,
2025-10-31T03:24:41,99937,888,85,60,
2025-10-06T18:36:53,99937,888,53,27,
2025-11-27T08:28:46,99937,888,66,81,
2025-12-02T01:59:12,99937,888,164,58,
2025-10-03T11:49:23,99937,888,167,54,ERR_TIMEOUT
2025-11-18T13:41:44,99937,888,167,55,
2025-12-07T23:42:04,99937,888,52,94,
2025-10-01T10:47:35,99937,888,165,78,
2025-10-22T05:47:44,99937,888,180,65,
2025-09-12T15:24:52,99937,888,95,84,
2025-11-13T18:57:15,99937,888,146,61,
2025-09-28T23:44:46,99937,888,84,56,
2025-10-05T06:19:41,99937,888,59,97,
2025-09-20T09:36:17,99937,888,114,88,
2025-11-20T06:27:53,99937,888,93,30,
2025-09-17T14:58:04,99937,888,174,53,
2025-09-15T09:55:00,99937,888,85,85,
2025-09-30T00:36:31,99937,888,123,71,
2025-09-17T01:08:13,99937,888,96,60,
2025-09-19T19:35:56,99937,888,179,34,
2025-10-05T14:10:34,99937,888,175,99,
2025-10-11T15:56:47,99937,888,62,85,
2025-12-03T19:29:30,99937,888,163,94,ERR_TIMEOUT
2025-11-11T20:47:19,99937,888,55,75,
2025-11-21T12:18:14,99937,888,149,39,
2025-10-20T06:55:28,99937,888,161,82,
2025-09-22T03:38:25,99937,888,59,88,
2025-11-07T08:14:42,99937,888,100,98,
2025-11-14T13:19:35,99937,888,196,22,
2025-09-13T02:25:26,99937,888,164,55,
2025-09-13T01:12:00,99937,888,102,72,
2025-11-16T02:08:12,99937,888,90,36,
2025-10-14T15:51:31,99937,888,72,94,
2025-10-09T00:18:11,99937,888,128,32,
2025-11-16T00:28:11,99937,888,95,80,
2025-11-29T21:04:29,99937,888,115,25,ERR_CONNECTION
2025-12-01T04:21:08,99937,888,116,55,
2025-11-21T11:13:40,99937,888,178,53,
2025-12-09T00:23:40,99937,888,153,60,
2025-11-14T22:08:10,99937,888,149,66,
2025-10-15T17:27:57,99937,888,155,70,
2025-09-27T03:18:04,99937,888,74,48,
2025-11-15T15:32:24,99937,888,149,74,
2025-09-20T19:27:46,99937,888,183,51,
2025-09-19T23:12:02,99937,888,116,52,
2025-10-15T09:42:57,99937,888,144,91,
2025-11-10T05:22:50,99937,888,193,60,
2025-11-03T16:52:21,99937,888,76,65,ERR_BATTERY
2025-11-18T07:30:13,99937,888,75,54,
2025-09-14T15:30:45,99937,888,170,96,
2025-10-30T10:34:27,99937,888,163,71,
2025-11-17T01:29:54,99937,888,71,94,
2025-10-01T17:39:51,99937,888,132,97,
2025-09-28T06:16:06,99937,888,117,99,
2025-10-17T15:31:29,99937,888,166,59,
2025-09-22T16:14:05,99937,888,165,20,
2025-10-08T13:35:07,99937,888,166,70,
2025-09-14T03:08:29,99937,888,51,87,ERR_SENSOR
2025-10-02T12:34:07,99937,888,131,83,
2025-10-02T06:18:46,99937,888,144,58,ERR_BATTERY
2025-11-12T10:52:03,99937,888,166,39,
2025-10-15T01:00:57,99937,888,140,65,
2025-12-07T12:53:45,99937,888,122,32,
2025-11-18T17:11:50,99937,888,177,45,
2025-10-09T22:09:24,99937,888,148,84,
2025-10-07T02:39:19,99937,888,185,63,
2025-09-19T11:53:30,99937,888,137,24,
2025-10-03T12:52:01,99937,888,155,50,
2025-11-21T00:08:52,99937,888,158,26,
2025-09-19T00:57:33,99937,888,76,45,
2025-11-22T17:18:47,99937,888,127,58,
2025-10-06T15:05:34,99937,888,197,52,ERR_CONNECTION
2025-09-20T04:15:14,99937,888,129,58,ERR_BATTERY
2025-10-13T07:43:34,99937,888,176,47,
2025-11-08T04:39:03,99937,888,83,21,
2025-11-20T22:36:28,99937,888,105,66,
2025-11-07T12:47:22,99937,888,176,92,
2025-09-13T12:38:19,99937,888,178,48,
2025-09-30T07:09:09,99937,888,180,31,ERR_SENSOR
2025-10-16T12:35:52,99937,888,94,81,
2025-10-23T22:54:20,99937,888,104,27,
2025-11-03T23:44:49,99937,888,137,84,
2025-10-04T22:41:10,99937,888,168,42,
2025-11-10T11:00:23,99937,888,140,88,ERR_SIGNAL
2025-09-16T15:18:37,99937,888,174,28,
2025-10-10T03:47:31,99937,888,163,37,
2025-10-30T23:52:56,99937,888,79,58,
2025-12-09T10:54:38,99937,888,102,100,ERR_TIMEOUT
2025-10-17T01:00:16,99937,888,74,23,
2025-10-05T18:45:02,99937,888,188,59,
2025-11-01T21:01:39,99937,888,170,95,
2025-10-15T19:49:54,99937,888,185,96,
2025-12-07T04:14:40,99937,888,164,99,
2025-09-12T07:51:56,99937,888,176,22,
2025-10-19T16:52:11,99937,888,175,47,
2025-09-16T08:49:28,99937,888,91,34,ERR_CONNECTION
2025-09-27T15:38:37,99937,888,117,58,
2025-11-21T12:46:17,99937,888,144,24,ERR_TIMEOUT
2025-09-28T05:49:45,99937,888,164,91,
2025-12-06T10:54:44,99937,888,69,39,
2025-11-14T17:37:17,99937,888,186,33,
2025-10-11T02:57:18,99937,888,83,41,
2025-10-31T03:41:07,99937,888,97,30,
2025-12-02T21:16:41,99937,888,68,79,
2025-09-26T17:56:11,99937,888,179,76,
2025-12-04T02:27:55,99937,888,180,24,
2025-10-10T08:53:48,99937,888,111,84,
2025-11-22T08:32:09,99937,888,82,77,
2025-11-06T19:55:00,99937,888,174,89,
2025-11-20T23:44:28,99937,888,189,59,
2025-11-27T16:45:07,99937,888,97,46,
2025-11-12T21:14:58,99937,888,180,53,ERR_SIGNAL
2025-09-22T04:17:05,99937,888,134,21,
2025-10-26T13:31:23,99937,888,144,75,
2025-11-15T11:52:44,99937,888,73,41,
2025-11-25T19:59:52,99937,888,185,74,
2025-11-28T01:42:32,99937,888,95,45,
2025-10-15T09:02:19,99937,888,55,28,ERR_SENSOR
2025-10-11T00:47:42,99937,888,159,61,ERR_SENSOR
2025-12-09T02:25:46,99937,888,114,46,
2025-10-22T08:09:00,99937,888,74,20,
2025-11-15T20:21:29,99937,888,75,96,
2025-09-29T18:33:47,99937,888,51,96,
2025-11-06T17:30:21,99937,888,140,26,
2025-11-22T22:07:20,99937,888,144,23,ERR_SIGNAL
2025-12-04T04:28:57,99937,888,140,78,
2025-09-17T02:18:48,99937,888,103,74,
2025-10-18T04:29:07,99937,888,91,27,
2025-12-04T08:42:13,99937,888,198,52,ERR_SIGNAL
2025-11-18T14:31:58,99937,888,86,87,
2025-11-23T11:01:42,99937,888,107,84,
2025-10-16T22:14:04,99937,888,137,27,
2025-10-25T09:19:44,99937,888,155,39,ERR_BATTERY
2025-09-22T08:46:50,99937,888,106,45,
2025-10-25T09:36:19,99937,888,193,64,
2025-10-25T02:06:10,99937,888,73,62,
2025-09-16T04:40:39,99937,888,138,56,
2025-11-08T18:04:53,99937,888,128,32,
2025-09-24T21:44:58,99937,888,142,76,
2025-11-24T06:04:17,99937,888,127,50,
2025-10-01T06:29:50,99937,888,128,90,
2025-10-25T00:56:37,99937,888,80,90,
2025-11-12T01:37:27,99937,888,90,54,
2025-11-08T09:23:59,99937,888,109,27,
2025-10-18T16:20:47,99937,888,80,50,
2025-10-28T10:28:52,99937,888,127,73,
2025-11-03T06:29:52,99937,888,186,57,
2025-11-11T03:05:01,99937,888,61,33,ERR_TIMEOUT
2025-12-03T22:07:12,99937,888,121,40,
2025-12-08T13:57:43,99937,888,132,31,
2025-11-13T15:39:10,99937,888,82,87,
2025-12-09T11:12:20,99937,888,193,21,
2025-10-06T07:56:07,99937,888,119,94,
2025-10-11T03:04:45,99937,888,105,64,
2025-09-29T08:58:02,99937,888,181,85,ERR_SENSOR
2025-09-30T22:52:48,99937,888,179,38,
2025-12-02T02:22:19,99937,888,91,55,
2025-12-02T23:35:59,99937,888,187,58,
2025-10-17T04:46:30,99937,888,51,89,
2025-10-07T16:19:09,99937,888,121,100,ERR_SIGNAL
2025-11-08T18:22:39,99937,888,75,78,
2025-10-15T21:13:14,99937,888,173,27,
2025-11-01T13:11:41,99937,888,195,96,
2025-11-01T06:43:40,99937,888,188,29,
2025-09-30T14:58:07,99937,888,182,33,ERR_SENSOR
2025-09-14T04:46:19,99937,888,135,45,
2025-11-26T22:24:26,99937,888,114,72,
2025-10-15T18:24:09,99937,888,73,49,
2025-10-29T17:56:36,99937,888,85,65,
2025-09-19T03:44:12,99937,888,154,52,
2025-11-23T04:07:48,99937,888,77,76,
2025-12-04T02:22:09,99937,888,174,45,
2025-09-20T08:14:43,99937,888,150,59,ERR_BATTERY
2025-11-01T02:13:09,99937,888,59,67,
2025-09-12T10:52:23,99937,888,71,23,
2025-11-24T10:36:56,99937,888,130,38,
2025-11-29T18:26:49,99937,888,98,30,
2025-11-12T02:35:52,99937,888,79,32,ERR_BATTERY
2025-09-19T05:14:56,99937,888,51,81,
2025-10-11T05:36:59,99937,888,92,69,
2025-10-10T02:39:55,99937,888,125,61,
2025-09-23T19:20:44,99937,888,135,75,ERR_CONNECTION
2025-11-05T05:17:08,99937,888,175,48,
2025-10-15T03:10:51,99937,888,131,68,ERR_SIGNAL
2025-09-20T19:21:38,99937,888,154,85,
2025-11-10T12:19:16,99937,888,55,89,
2025-10-22T05:07:36,99937,888,157,68,
2025-10-18T02:15:01,99937,888,140,92,
2025-11-29T17:22:06,99937,888,193,49,
2025-09-12T19:34:50,99937,888,190,23,
2025-10-14T01:01:43,99937,888,173,66,
2025-11-13T14:44:09,99937,888,68,91,
2025-10-01T18:48:14,99937,888,60,41,
2025-11-02T17:09:14,99937,888,113,86,
2025-10-08T10:04:35,99937,888,191,86,
2025-10-04T11:41:19,99937,888,72,97,
2025-10-19T08:52:05,99937,888,88,45,
2025-11-06T19:04:32,99937,888,104,62,
2025-12-07T10:53:39,99937,888,150,52,
2025-11-16T03:52:32,99937,888,135,29,
2025-11-20T05:48:03,99937,888,192,73,
2025-10-04T13:35:01,99937,888,101,81,
2025-10-13T00:57:34,99937,888,100,95,
2025-09-21T21:17:56,99937,888,103,68,
2025-11-02T13:32:01,99937,888,119,91,
2025-10-11T19:56:41,99937,888,120,88,
2025-11-30T12:53:15,99937,888,123,24,
2025-10-19T06:06:45,99937,888,116,71,
2025-10-07T00:47:49,99937,888,114,49,
2025-11-14T05:48:07,99937,888,113,88,ERR_SIGNAL
2025-10-04T17:58:53,99937,888,121,52,
2025-09-13T11:40:52,99937,888,81,60,
2025-12-08T15:50:38,99937,888,102,33,
2025-09-13T05:19:47,99937,888,116,82,ERR_BATTERY
2025-11-24T02:04:11,99937,888,68,56,
2025-12-03T12:22:46,99937,888,69,23,
2025-09-24T09:54:03,99937,888,88,75,
2025-11-12T23:53:45,99937,888,113,21,ERR_BATTERY
2025-11-23T17:10:09,99937,888,107,39,
2025-09-30T23:33:01,99937,888,89,26,
2025-11-17T17:37:40,99937,888,128,55,ERR_BATTERY
2025-12-02T02:50:49,99937,888,99,72,
2025-12-02T06:14:31,99937,888,145,73,
2025-09-14T19:20:36,99937,888,104,74,
2025-10-26T05:20:39,99937,888,58,52,ERR_TIMEOUT
2025-11-04T19:32:22,99937,888,88,58,
2025-10-28T04:17:51,99937,888,185,52,
2025-11-18T09:52:57,99937,888,62,79,
2025-11-03T08:12:47,99937,888,190,53,
2025-11-26T15:25:09,99937,888,152,29,
2025-10-08T15:03:07,99937,888,72,32,
2025-11-26T22:09:07,99937,888,91,51,
2025-09-29T09:17:46,99937,888,65,20,
2025-10-20T19:57:11,99937,888,187,32,
2025-11-29T10:39:46,99937,888,177,86,
2025-09-23T15:49:21,99937,888,95,63,
2025-09-22T07:54:46,99937,888,190,43,
2025-10-14T13:01:51,99937,888,70,60,
2025-11-07T20:02:18,99937,888,107,22,ERR_SENSOR
2025-10-10T15:14:08,99937,888,164,86,ERR_TIMEOUT
2025-09-17T19:40:52,99937,888,90,29,
2025-09-27T08:32:31,99937,888,179,100,
2025-10-02T13:05:11,99937,888,98,61,
2025-11-18T01:26:09,99937,888,186,74,
2025-11-18T05:13:59,99937,888,102,70,
2025-09-12T11:00:40,99937,888,91,58,
2025-11-22T09:58:41,99937,888,162,48,
2025-09-16T17:01:23,99937,888,87,20,
2025-11-01T00:38:30,99937,888,173,83,
2025-09-28T11:42:53,99937,888,187,87,
2025-09-28T05:20:33,99937,888,99,48,
2025-12-07T23:15:44,99937,888,99,46,
2025-10-24T07:48:52,99937,888,97,69,
2025-10-26T13:52:38,99937,888,117,30,
2025-10-30T14:11:36,99937,888,90,33,
2025-11-05T11:35:28,99937,888,111,52,
2025-10-16T10:43:52,99937,888,149,35,
2025-10-20T04:45:39,99937,888,115,88,
2025-10-31T11:05:05,99937,888,121,68,ERR_TIMEOUT
2025-12-05T12:57:52,99937,888,176,49,
2025-10-02T19:26:28,99937,888,85,37,
2025-10-27T10:14:29,99937,888,122,44,
2025-12-01T18:21:08,99937,888,53,35,
2025-11-24T06:30:32,99937,888,133,49,ERR_SIGNAL
2025-10-04T14:12:32,99937,888,183,66,ERR_BATTERY
2025-10-07T11:49:48,99937,888,51,77,
2025-12-03T13:58:12,99937,888,85,87,ERR_CONNECTION
2025-09-20T17:16:11,99937,888,199,93,
2025-11-26T15:30:50,99937,888,188,74,
2025-12-04T15:32:12,99937,888,127,71,
2025-10-26T00:29:43,99937,888,80,40,
2025-09-19T15:01:53,99937,888,95,79,
2025-09-14T06:55:35,99937,888,149,46,
2025-11-08T09:10:41,99937,888,51,40,
2025-09-12T05:45:35,99937,888,71,95,
2025-11-02T05:43:33,99937,888,188,69,ERR_SENSOR
2025-09-14T07:12:51,99937,888,77,65,
2025-11-03T00:53:50,99937,888,187,29,ERR_SIGNAL
2025-10-19T12:57:34,99937,888,165,36,
2025-11-06T14:47:23,99937,888,187,34,
2025-10-12T18:46:02,99937,888,190,34,
2025-10-14T18:40:48,99937,888,152,82,
2025-09-28T01:47:31,99937,888,92,42,ERR_TIMEOUT
2025-10-04T09:01:00,99937,888,89,70,
2025-10-09T15:17:21,99937,888,154,26,ERR_CONNECTION
2025-09-30T05:34:20,99937,888,126,31,
2025-11-10T08:46:03,99937,888,180,68,
2025-10-04T18:31:29,99937,888,83,56,
2025-10-18T18:08:11,99937,888,89,38,
2025-12-08T15:29:16,99937,888,179,67,
2025-10-15T07:18:35,99937,888,99,28,
2025-09-17T11:14:11,99937,888,118,70,
2025-12-03T19:54:38,99937,888,171,25,
2025-11-08T03:56:19,99937,888,191,69,
2025-10-04T15:09:13,99937,888,107,50,
2025-11-29T20:52:42,99937,888,113,53,
2025-11-02T15:48:05,99937,888,177,87,
2025-10-20T01:27:32,99937,888,140,95,ERR_BATTERY
2025-10-22T09:09:53,99937,888,175,83,ERR_CONNECTION
2025-11-05T23:34:21,99937,888,177,92,
2025-10-27T20:27:29,99937,888,194,63,
2025-10-15T20:21:39,99937,888,103,62,
2025-09-23T14:24:02,99937,888,51,37,ERR_CONNECTION
2025-11-05T02:54:44,99937,888,161,98,
2025-12-02T03:02:51,99937,888,85,72,
2025-10-29T20:44:24,99937,888,139,83,
2025-10-01T17:38:37,99937,888,190,48,
2025-09-18T01:37:43,99937,888,84,80,
2025-11-28T19:22:22,99937,888,117,59,
2025-10-23T19:17:25,99937,888,50,30,
2025-09-16T23:37:46,99937,888,129,43,
2025-10-24T22:26:38,99937,888,152,95,
2025-09-19T07:43:47,99937,888,80,69,
2025-10-03T23:51:07,99937,888,79,93,ERR_SIGNAL
2025-09-12T04:36:33,99937,888,142,20,
2025-11-26T12:07:33,99937,888,125,23,ERR_SENSOR
2025-10-03T15:24:08,99937,888,66,90,ERR_CONNECTION
2025-10-11T01:29:56,99937,888,169,100,
2025-11-09T00:47:14,99937,888,107,65,ERR_BATTERY
2025-10-29T00:45:25,99937,888,87,45,
2025-09-22T01:06:38,99937,888,96,58,
2025-09-29T05:57:19,99937,888,136,88,
2025-10-23T14:58:20,99937,888,124,32,
2025-09-30T20:00:46,99937,888,120,94,
2025-09-19T07:11:51,99937,888,160,96,
2025-09-12T07:53:55,99937,888,98,48,
2025-10-29T12:15:07,99937,888,96,33,
2025-09-30T16:27:50,99937,888,88,55,
2025-10-03T08:41:54,99937,888,88,51,
2025-10-11T01:58:37,99937,888,126,55,
2025-10-30T09:39:22,99937,888,178,52,ERR_SENSOR
2025-12-04T19:49:55,99937,888,134,73,
2025-11-07T22:50:07,99937,888,108,79,
2025-10-16T18:03:17,99937,888,193,71,
2025-09-20T21:34:02,99937,888,70,94,ERR_BATTERY
2025-11-08T02:05:20,99937,888,54,35,
2025-10-24T23:37:31,99937,888,111,74,
2025-11-10T08:16:13,99937,888,61,68,
2025-10-28T21:59:28,99937,888,53,23,
2025-11-06T16:08:56,99937,888,138,64,
2025-11-30T00:45:56,99937,888,128,73,ERR_SENSOR
2025-11-12T19:36:05,99937,888,104,90,
2025-11-11T08:16:04,99937,888,167,70,
2025-09-27T01:14:25,99937,888,198,35,ERR_SIGNAL
2025-09-25T10:07:09,99937,888,67,49,
2025-11-23T12:50:57,99937,888,67,25,
2025-11-13T08:49:52,99937,888,81,45,
2025-12-05T01:53:48,99937,888,197,27,ERR_CONNECTION
2025-11-15T19:19:23,99937,888,91,53,
2025-10-16T07:05:33,99937,888,66,47,
2025-10-09T17:06:54,99937,888,173,48,
2025-10-11T07:43:28,99937,888,100,53,
2025-12-03T19:36:32,99937,888,106,60,
2025-10-03T08:55:40,99937,888,132,66,
2025-10-15T18:51:29,99937,888,60,92,
2025-10-05T15:15:40,99937,888,132,45,
2025-10-16T22:49:06,99937,888,90,80,
2025-11-13T18:20:23,99937,888,83,38,
2025-09-14T06:44:11,99937,888,133,97,
2025-10-08T18:29:45,99937,888,125,42,
2025-09-12T03:26:52,99937,888,184,30,
2025-11-07T03:53:30,99937,888,77,60,
2025-09-25T18:42:08,99937,888,148,66,ERR_SIGNAL
2025-10-08T18:13:42,99937,888,167,98,
2025-09-25T12:25:41,99937,888,71,94,
2025-10-08T16:42:48,99937,888,160,58,
2025-10-18T04:16:43,99937,888,136,67,
2025-09-30T23:40:02,99937,888,107,67,
2025-10-16T14:22:39,99937,888,86,62,
2025-10-17T21:59:23,99937,888,118,30,
2025-10-23T17:56:54,99937,888,157,45,
2025-12-07T12:51:35,99937,888,104,99,
2025-11-14T04:28:05,99937,888,199,38,
2025-09-21T04:44:02,99937,888,56,67,
2025-10-20T20:04:33,99937,888,76,57,ERR_TIMEOUT
2025-10-23T07:45:21,99937,888,167,46,
2025-09-18T20:36:52,99937,888,70,70,ERR_SENSOR
2025-12-06T03:27:57,99937,888,199,100,ERR_CONNECTION
2025-10-23T21:22:37,99937,888,182,54,
2025-09-17T08:28:17,99937,888,142,91,
2025-11-03T03:32:50,99937,888,109,77,
2025-09-13T15:18:39,99937,888,160,63,
2025-09-30T22:02:51,99937,888,144,49,
2025-11-25T22:38:03,99937,888,159,46,
2025-10-23T01:55:12,99937,888,95,80,
2025-11-01T13:43:56,99937,888,167,21,
2025-11-09T23:49:11,99937,888,178,62,
2025-11-12T16:46:17,99937,888,70,78,
2025-12-02T12:52:06,99937,888,57,21,ERR_SIGNAL
2025-10-14T20:48:47,99937,888,123,94,
2025-10-20T00:39:36,99937,888,191,39,
2025-10-22T09:57:20,99937,888,126,22,
2025-11-23T15:15:42,99937,888,155,49,
2025-11-29T01:47:26,99937,888,199,81,
2025-10-26T15:36:43,99937,888,170,36,
2025-10-27T10:26:43,99937,888,137,74,
2025-10-13T12:42:16,99937,888,191,38,
2025-09-16T06:31:36,99937,888,90,64,
2025-11-29T15:53:09,99937,888,75,54,
2025-11-07T21:00:57,99937,888,55,93,
2025-09-21T03:42:35,99937,888,140,75,
2025-11-08T02:42:43,99937,888,76,99,
2025-10-17T12:40:40,99937,888,56,83,
2025-10-15T21:25:24,99937,888,147,73,
2025-10-24T12:46:02,99937,888,136,89,
2025-10-14T15:04:38,99937,888,151,31,
2025-10-18T00:03:33,99937,888,192,46,
2025-09-29T20:14:43,99937,888,145,91,
2025-11-23T00:57:09,99937,888,76,86,
2025-10-13T09:34:10,99937,888,150,73,
2025-11-27T11:45:23,99937,888,62,57,
2025-11-01T08:11:01,99937,888,190,39,
2025-10-28T22:33:10,99937,888,116,93,
2025-10-05T08:29:52,99937,888,61,73,
2025-10-06T19:06:26,99937,888,112,74,
2025-11-07T17:39:47,99937,888,124,28,ERR_BATTERY
2025-11-21T18:39:27,99937,888,110,93,
2025-10-26T14:24:55,99937,888,179,78,
2025-09-23T22:05:30,99937,888,139,82,
2025-12-08T08:12:39,99937,888,187,94,
2025-10-02T23:37:09,99937,888,74,73,
2025-09-17T07:19:30,99937,888,76,20,
2025-10-06T05:24:56,99937,888,118,94,
2025-10-30T02:46:48,99937,888,109,71,ERR_SENSOR
2025-11-02T03:12:43,99937,888,181,30,
2025-09-30T11:33:27,99937,888,68,40,
2025-10-31T11:33:06,99937,888,137,21,
2025-10-11T00:42:01,99937,888,196,24,
2025-11-29T01:59:52,99937,888,79,59,
2025-10-27T18:29:53,99937,888,153,93,
2025-09-25T04:26:47,99937,888,200,51,
2025-12-06T16:54:35,99937,888,130,63,
2025-11-05T19:23:22,99937,888,200,93,
2025-11-14T04:54:33,99937,888,146,96,
2025-09-19T22:57:02,99937,888,151,70,
2025-12-05T18:51:50,99937,888,108,30,
2025-10-10T18:46:33,99937,888,142,52,
2025-10-03T23:47:59,99937,888,168,94,
2025-11-22T17:29:39,99937,888,53,35,
2025-11-30T02:57:59,99937,888,194,97,
2025-10-28T21:44:22,99937,888,190,35,
2025-10-11T16:42:46,99937,888,119,92,
2025-10-31T16:55:19,99937,888,112,81,
2025-10-03T00:54:20,99937,888,113,59,
2025-09-13T14:55:23,99937,888,180,61,
2025-09-14T04:24:21,99937,888,184,30,
2025-09-19T04:07:28,99937,888,145,86,
2025-10-01T12:11:10,99937,888,102,27,
2025-09-15T13:55:39,99937,888,98,83,
2025-10-21T09:30:36,99937,888,169,90,
2025-10-02T08:26:47,99937,888,198,33,
2025-11-08T02:01:04,99937,888,106,50,
2025-11-24T17:22:45,99937,888,120,68,ERR_SENSOR
2025-11-17T22:00:27,99937,888,185,93,
2025-11-22T22:13:34,99937,888,82,66,ERR_CONNECTION
2025-11-05T14:00:55,99937,888,54,38,
2025-10-20T13:46:35,99937,888,84,58,ERR_SENSOR
2025-12-05T09:27:35,99937,888,89,30,
2025-09-22T02:53:05,99937,888,69,74,ERR_TIMEOUT
2025-11-16T11:10:34,99937,888,168,93,
2025-10-29T10:26:40,99937,888,76,29,
2025-11-05T20:04:51,99937,888,127,52,
2025-10-12T22:26:31,99937,888,155,74,
2025-09-19T23:29:39,99937,888,148,100,
2025-11-15T03:47:58,99937,888,164,79,
2025-09-15T04:45:24,99937,888,85,54,
2025-09-18T02:54:28,99937,888,114,30,
2025-10-21T21:12:05,99937,888,172,28,
2025-10-13T06:39:41,99937,888,60,64,
2025-10-26T07:16:18,99937,888,97,39,
2025-09-25T03:34:55,99937,888,74,53,
2025-09-19T07:51:04,99937,888,94,90,ERR_TIMEOUT
2025-09-23T22:51:34,99937,888,183,64,
2025-10-12T12:24:51,99937,888,152,44,
2025-12-01T16:58:58,99937,888,115,75,ERR_CONNECTION
2025-10-06T15:04:03,99937,888,85,89,
2025-10-26T02:14:10,99937,888,135,69,
2025-11-27T23:23:39,99937,888,98,72,
2025-11-12T17:37:29,99937,888,118,71,
2025-12-09T00:23:51,99937,888,85,51,
2025-09-30T18:34:09,99937,888,93,92,
2025-11-11T11:16:50,99937,888,72,39,
2025-11-04T13:40:00,99937,888,105,100,
2025-10-28T12:08:08,99937,888,149,50,
2025-10-30T10:24:21,99937,888,84,28,
2025-11-16T07:24:41,99937,888,82,86,
2025-10-20T06:45:46,99937,888,180,27,
2025-11-25T00:34:47,99937,888,178,78,ERR_SENSOR
2025-09-18T21:58:38,99937,888,71,51,
2025-11-25T14:20:42,99937,888,198,22,
2025-10-19T15:02:44,99937,888,176,86,ERR_SIGNAL
2025-09-28T02:57:49,99937,888,193,22,
2025-11-04T20:49:56,99937,888,97,71,
2025-09-12T15:20:59,99937,888,193,34,
2025-10-29T22:27:07,99937,888,196,61,
2025-11-02T06:08:59,99937,888,58,58,
2025-10-25T15:47:05,99937,888,50,23,
2025-11-07T02:57:09,99937,888,155,98,
2025-10-14T06:41:43,99937,888,129,26,ERR_SIGNAL
2025-11-15T20:22:03,99937,888,81,64,
2025-10-15T17:36:50,99937,888,71,79,
2025-09-21T21:28:05,99937,888,85,74,
2025-11-04T14:50:49,99937,888,114,26,
2025-11-23T11:46:58,99937,888,156,53,
2025-11-26T04:02:15,99937,888,177,65,ERR_SIGNAL
2025-12-01T08:40:17,99937,888,166,97,
2025-09-25T14:07:37,99937,888,59,45,
2025-11-11T02:36:36,99937,888,173,75,
2025-10-08T10:25:48,99937,888,156,22,
2025-11-09T05:06:29,99937,888,68,60,
2025-10-14T10:44:45,99937,888,199,24,
2025-12-08T18:08:32,99937,888,153,49,
2025-09-26T11:47:39,99937,888,141,53,
2025-10-21T11:27:43,99937,888,153,47,
2025-09-24T09:45:59,99937,888,166,53,
2025-09-15T01:49:01,99937,888,99,92,
2025-11-11T19:55:20,99937,888,130,97,
2025-10-08T03:12:12,99937,888,182,87,
2025-10-12T21:04:25,99937,888,156,44,ERR_CONNECTION
2025-12-07T06:16:44,99937,888,95,50,
2025-12-06T05:39:38,99937,888,106,64,ERR_SENSOR
2025-12-06T19:13:07,99937,888,156,34,ERR_CONNECTION
2025-10-11T10:34:10,99937,888,121,98,
2025-11-30T12:08:22,99937,888,149,96,
2025-09-23T05:16:31,99937,888,188,79,
2025-11-06T04:50:19,99937,888,79,21,
2025-12-02T14:43:49,99937,888,132,70,
2025-10-25T04:01:06,99937,888,74,91,
2025-10-18T13:47:19,99937,888,139,40,ERR_BATTERY
2025-10-13T23:03:46,99937,888,188,43,
2025-12-04T06:32:08,99937,888,139,39,
2025-10-14T05:20:00,99937,888,161,83,ERR_SIGNAL
2025-11-04T21:05:27,99937,888,166,51,
2025-11-22T17:12:12,99937,888,120,74,
2025-11-17T13:18:14,99937,888,194,92,ERR_SIGNAL
2025-09-22T10:35:14,99937,888,89,38,
2025-11-29T22:59:23,99937,888,107,37,
2025-10-26T15:28:04,99937,888,114,50,
2025-12-08T04:02:15,99937,888,63,40,
2025-12-01T05:05:13,99937,888,87,38,ERR_SIGNAL
2025-11-27T05:26:08,99937,888,146,88,
2025-11-03T08:33:24,99937,888,189,85,
2025-09-29T13:28:54,99937,888,119,49,
2025-10-23T16:10:31,99937,888,176,92,
2025-11-19T09:50:45,99937,888,153,79,
2025-11-05T20:54:10,99937,888,164,79,
2025-11-20T14:32:09,99937,888,164,63,ERR_SIGNAL
2025-11-25T03:33:48,99937,888,52,89,
2025-12-05T08:46:05,99937,888,130,80,
2025-11-19T03:05:57,99937,888,128,77,
2025-09-30T17:30:42,99937,888,187,49,
2025-10-10T20:49:18,99937,888,186,40,
2025-10-20T18:54:26,99937,888,55,31,
2025-09-26T23:08:09,99937,888,150,72,
2025-11-30T05:40:00,99937,888,77,52,
2025-11-03T12:51:54,99937,888,195,25,
2025-10-27T16:21:12,99937,888,82,84,ERR_TIMEOUT
2025-10-18T21:49:26,99937,888,126,62,
2025-11-16T21:01:57,99937,888,51,98,
2025-11-28T18:22:06,99937,888,89,87,ERR_SIGNAL
2025-11-04T20:12:22,99937,888,61,96,
2025-09-13T01:27:00,99937,888,67,61,
2025-10-29T23:08:58,99937,888,148,88,
2025-11-30T19:43:50,99937,888,82,41,
2025-09-14T09:19:35,99937,888,179,97,
2025-10-03T22:21:26,99937,888,76,42,ERR_CONNECTION
2025-09-17T04:05:09,99937,888,112,93,
2025-10-17T09:14:00,99937,888,190,76,
2025-10-18T04:33:41,99937,888,76,42,
2025-10-28T15:11:28,99937,888,191,98,ERR_BATTERY
2025-10-24T14:18:50,99937,888,77,24,
2025-09-29T13:21:53,99937,888,192,20,ERR_BATTERY
2025-12-09T18:51:14,99937,888,101,76,
2025-11-06T05:37:36,99937,888,104,44,
2025-10-03T17:39:30,99937,888,112,22,
2025-11-13T06:02:44,99937,888,50,23,
2025-10-15T13:31:33,99937,888,182,27,
2025-12-07T14:24:55,99937,888,157,35,
2025-09-23T19:23:25,99937,888,135,95,
2025-09-15T13:15:48,99937,888,143,49,
2025-10-18T03:04:47,99937,888,128,55,
2025-12-03T01:56:39,99937,888,157,87,
2025-09-12T11:04:58,99937,888,115,49,
2025-12-09T02:11:35,99937,888,103,35,
2025-09-22T15:04:58,99937,888,164,45,ERR_SIGNAL
2025-09-25T15:31:18,99937,888,80,52,
2025-11-23T03:22:25,99937,888,68,36,
2025-12-07T10:58:47,99937,888,60,91,
2025-10-25T05:20:18,99937,888,77,81,ERR_SIGNAL
2025-12-01T21:02:22,99937,888,119,52,
2025-11-30T23:46:18,99937,888,105,22,
2025-10-28T11:50:36,99937,888,99,34,
2025-12-02T23:46:51,99937,888,142,92,
2025-09-28T06:13:27,99937,888,148,95,
2025-11-19T21:10:33,99937,888,113,75,
2025-12-04T04:40:30,99937,888,153,90,
2025-12-09T10:03:32,99937,888,131,93,
2025-10-11T21:13:20,99937,888,78,90,
2025-10-04T11:39:46,99937,888,137,53,
2025-09-20T18:39:07,99937,888,82,62,
2025-10-30T02:11:18,99937,888,100,32,ERR_BATTERY
2025-09-14T03:02:17,99937,888,185,66,
2025-12-07T23:58:31,99937,888,106,93,
2025-10-19T14:53:33,99937,888,199,62,
2025-10-12T16:38:28,99937,888,58,77,ERR_TIMEOUT
2025-09-19T17:57:09,99937,888,163,93,
2025-11-29T18:59:09,99937,888,197,56,
2025-09-30T05:24:03,99937,888,80,37,
2025-11-25T18:07:24,99937,888,167,100,
2025-10-08T03:40:21,99937,888,61,64,
2025-11-20T22:25:33,99937,888,164,51,
2025-09-15T03:03:23,99937,888,80,27,ERR_SIGNAL
2025-11-24T08:54:05,99937,888,200,89,
2025-10-05T01:03:10,99937,888,92,86,
2025-09-14T08:21:25,99937,888,50,97,ERR_TIMEOUT
2025-11-29T10:08:11,99937,888,178,26,ERR_SIGNAL
2025-11-12T20:22:29,99937,888,194,99,ERR_TIMEOUT
2025-11-12T16:53:32,99937,888,179,33,
2025-12-03T00:27:42,99937,888,99,50,
2025-11-07T22:43:21,99937,888,134,80,ERR_SIGNAL
2025-10-02T03:00:26,99937,888,62,25,
2025-09-28T11:11:52,99937,888,63,36,
2025-10-30T17:21:46,99937,888,190,80,ERR_SIGNAL
2025-11-16T01:40:45,99937,888,72,100,
2025-10-05T06:16:59,99937,888,190,64,
2025-11-03T06:48:41,99937,888,191,41,
2025-12-07T20:48:01,99937,888,134,33,
2025-11-06T01:17:15,99937,888,114,81,
2025-12-05T00:29:33,99937,888,134,44,
2025-09-15T09:25:38,99937,888,89,69,ERR_TIMEOUT
2025-09-13T01:57:39,99937,888,54,99,
2025-10-06T01:10:17,99937,888,60,32,ERR_SENSOR
2025-10-27T21:09:26,99937,888,134,98,
2025-11-30T21:15:48,99937,888,78,38,ERR_SENSOR
2025-09-30T15:22:05,99937,888,100,40,
2025-11-26T02:52:13,99937,888,165,83,
2025-12-04T10:22:52,99937,888,65,38,
2025-10-03T06:54:08,99937,888,197,85,
2025-12-09T08:56:58,99937,888,190,52,
2025-11-27T18:02:50,99937,888,59,30,
2025-09-19T03:05:05,99937,888,198,81,
2025-11-19T01:05:38,99937,888,134,72,
2025-11-27T01:05:12,99937,888,139,91,
2025-10-27T10:19:15,99937,888,106,35,
2025-12-04T20:17:04,99937,888,79,20,
2025-10-21T00:34:37,99937,888,184,53,ERR_CONNECTION
2025-10-04T09:18:28,99937,888,193,55,
2025-09-13T11:26:10,99937,888,186,39,
2025-10-31T14:02:46,99937,888,99,24,
2025-10-07T18:09:43,99937,888,86,27,
2025-10-22T22:20:12,99937,888,184,96,
2025-09-16T02:03:15,99937,888,121,78,
2025-11-12T10:04:24,99937,888,79,80,
2025-11-24T12:01:51,99937,888,83,82,
2025-11-05T01:29:46,99937,888,52,95,
2025-10-15T00:49:55,99937,888,141,86,
2025-11-29T05:29:42,99937,888,86,59,
2025-12-03T14:07:45,99937,888,155,71,
2025-11-24T10:25:49,99937,888,108,69,
2025-11-01T16:18:54,99937,888,169,75,
2025-12-09T00:52:09,99937,888,140,98,
2025-10-11T20:19:12,99937,888,120,68,
2025-09-20T22:25:02,99937,888,95,77,
2025-10-12T11:37:09,99937,888,171,57,
2025-10-17T21:36:00,99937,888,77,56,ERR_TIMEOUT
2025-09-18T00:46:40,99937,888,89,59,ERR_TIMEOUT
2025-11-19T12:48:47,99937,888,198,89,
2025-10-13T17:22:23,99937,888,138,68,
2025-11-13T04:23:22,99937,888,100,21,ERR_TIMEOUT
2025-09-23T05:22:41,99937,888,62,63,ERR_SENSOR
2025-09-30T06:27:13,99937,888,94,83,
2025-11-14T16:32:27,99937,888,140,30,ERR_CONNECTION
2025-10-31T13:50:07,99937,888,53,78,
2025-09-17T05:50:56,99937,888,140,62,
2025-12-02T05:45:59,99937,888,168,66,
2025-09-15T19:23:27,99937,888,150,52,
2025-10-15T19:51:28,99937,888,77,61,
2025-11-20T04:55:28,99937,888,194,37,
2025-12-01T13:58:13,99937,888,134,78,ERR_SENSOR
2025-10-05T06:35:37,99937,888,178,59,
2025-12-08T23:22:28,99937,888,167,26,
2025-11-10T19:43:20,99937,888,130,36,
2025-10-18T20:44:41,99937,888,98,58,
2025-10-01T17:30:24,99937,888,98,53,
2025-10-09T21:34:03,99937,888,126,43,
2025-10-30T13:21:12,99937,888,181,56,
2025-11-19T04:52:16,99937,888,122,36,
2025-09-19T04:01:02,99937,888,132,33,
2025-10-03T10:30:05,99937,888,172,47,
2025-11-15T06:17:49,99937,888,194,79,ERR_SIGNAL
2025-12-04T16:06:03,99937,888,106,36,
2025-11-24T23:51:24,99937,888,109,75,
2025-10-24T02:54:01,99937,888,53,42,
2025-11-24T20:53:31,99937,888,161,49,
2025-10-03T12:35:24,99937,888,92,30,
2025-12-04T00:17:38,99937,888,102,44,
2025-09-23T12:55:05,99937,888,94,53,
2025-10-23T03:04:52,99937,888,144,49,
2025-12-06T16:51:34,99937,888,189,99,
2025-12-08T20:39:53,99937,888,184,61,
2025-11-09T13:37:17,99937,888,182,24,
2025-10-09T04:23:28,99937,888,118,41,
2025-10-03T23:35:46,99937,888,187,86,
2025-09-25T16:36:02,99937,888,80,73,
2025-11-16T16:34:53,99937,888,109,53,ERR_CONNECTION
2025-10-13T10:23:49,99937,888,122,41,ERR_CONNECTION
2025-11-25T04:04:30,99937,888,126,66,ERR_BATTERY
2025-12-01T18:22:57,99937,888,185,73,
2025-09-29T04:52:31,99937,888,80,35,ERR_TIMEOUT
2025-09-26T10:32:25,99937,888,156,54,ERR_TIMEOUT
2025-11-04T03:17:22,99937,888,78,46,ERR_BATTERY
2025-10-05T21:18:54,99937,888,132,52,
2025-10-10T23:10:40,99937,888,108,78,
2025-11-07T14:35:26,99937,888,108,42,
2025-11-18T03:45:21,99937,888,76,57,
2025-10-27T08:40:45,99937,888,199,96,ERR_TIMEOUT
2025-11-04T02:55:25,99937,888,134,83,
2025-11-12T11:33:42,99937,888,186,79,
2025-09-23T19:09:50,99937,888,167,22,
2025-11-30T18:11:12,99937,888,87,30,
2025-10-18T17:28:19,99937,888,58,87,
2025-11-10T06:50:27,99937,888,143,62,ERR_BATTERY
2025-10-21T11:15:08,99937,888,132,65,
2025-11-02T23:42:54,99937,888,89,32,
2025-11-21T07:05:24,99937,888,110,44,ERR_BATTERY
2025-11-27T15:40:02,99937,888,86,81,
2025-10-18T02:55:51,99937,888,142,80,
2025-09-29T20:07:19,99937,888,181,76,
2025-09-20T23:50:26,99937,888,59,36,
2025-11-03T19:22:45,99937,888,143,45,
2025-11-26T14:59:59,99937,888,75,56,
2025-09-24T10:32:31,99937,888,111,83,
2025-11-24T14:24:28,99937,888,161,23,
2025-09-18T08:19:31,99937,888,73,33,ERR_TIMEOUT
2025-09-19T06:45:30,99937,888,53,81,
2025-09-12T03:41:56,99937,888,159,27,
2025-11-22T18:41:57,99937,888,177,52,
2025-11-30T11:02:18,99937,888,115,98,
2025-11-04T13:54:02,99937,888,88,74,
2025-11-05T14:48:56,99937,888,74,52,
2025-10-09T08:44:23,99937,888,79,27,
2025-11-27T12:08:06,99937,888,72,53,
2025-10-28T11:07:36,99937,888,167,80,
2025-10-31T20:52:41,99937,888,151,44,
2025-10-10T16:57:22,99937,888,184,100,
2025-11-07T17:21:41,99937,888,144,69,
2025-10-20T16:12:02,99937,888,69,20,ERR_CONNECTION
2025-11-09T17:01:09,99937,888,98,38,
2025-11-14T13:10:46,99937,888,90,84,
2025-11-15T11:27:34,99937,888,138,95,
2025-10-24T22:59:38,99937,888,135,44,
2025-11-20T04:49:57,99937,888,198,34,
2025-11-25T13:12:19,99937,888,187,56,ERR_CONNECTION
2025-11-09T08:17:32,99937,888,172,44,
2025-12-02T15:11:34,99937,888,77,39,
2025-11-20T02:51:13,99937,888,93,59,ERR_TIMEOUT
2025-12-04T08:35:53,99937,888,165,27,
2025-09-17T16:15:52,99937,888,196,77,
2025-12-08T12:44:36,99937,888,88,36,
2025-12-05T00:58:00,99937,888,81,58,
2025-11-17T08:25:10,99937,888,73,92,
2025-11-18T04:09:32,99937,888,88,91,
2025-09-17T14:33:39,99937,888,123,69,
2025-10-09T17:05:50,99937,888,62,29,
2025-11-05T22:27:59,99937,888,51,51,ERR_SENSOR
2025-11-12T01:34:57,99937,888,178,20,ERR_BATTERY
2025-12-06T21:47:29,99937,888,193,45,
2025-10-29T10:08:36,99937,888,174,57,
2025-11-23T02:09:36,99937,888,69,97,
2025-09-30T00:41:37,99937,888,190,27,
2025-09-22T23:52:57,99937,888,172,28,
2025-12-03T09:24:56,99937,888,105,91,
2025-12-08T02:03:25,99937,888,72,33,
2025-11-18T03:43:12,99937,888,56,87,
2025-11-15T22:16:34,99937,888,188,95,ERR_BATTERY
2025-11-25T08:32:30,99937,888,162,58,
2025-09-22T04:54:44,99937,888,95,35,
2025-10-31T19:04:11,99937,888,82,99,ERR_SIGNAL
2025-10-21T11:40:50,99937,888,123,30,
2025-11-28T08:13:02,99937,888,137,30,ERR_SENSOR
2025-10-22T02:23:06,99937,888,56,31,
2025-11-04T11:44:19,99937,888,174,84,
2025-09-15T02:23:05,99937,888,99,59,
2025-11-22T03:22:15,99937,888,74,51,
2025-09-20T18:26:43,99937,888,88,29,
2025-12-09T02:24:46,99937,888,72,69,
